StockCode,Stock,LastUpdated
85123,12995,2025-05-14
71053,14873,2025-05-14
84406,2155,2025-05-08
84029,15768,2025-05-17
22752,2684,2025-06-05
21730,10677,2025-05-30
22633,9747,2025-06-03
22632,7911,2025-05-29
84879,13947,2025-06-02
22745,5503,2025-05-24
22748,7996,2025-06-02
22749,6582,2025-06-02
22310,18737,2025-05-29
84969,18532,2025-05-18
22623,18174,2025-05-09
22622,11282,2025-05-30
21754,3850,2025-06-04
21755,12688,2025-05-11
21777,8275,2025-05-12
48187,14134,2025-05-13
22960,8191,2025-05-30
22913,11681,2025-05-24
22912,8159,2025-05-26
22914,1774,2025-05-26
21756,2225,2025-05-27
22728,17754,2025-05-07
22727,8758,2025-05-07
22726,16127,2025-05-30
21724,7982,2025-05-17
21883,438,2025-06-02
10002,6020,2025-06-01
21791,6434,2025-05-11
21035,6386,2025-05-24
22326,7376,2025-05-25
22629,174,2025-06-01
22659,18509,2025-05-25
22631,6997,2025-05-30
22661,8412,2025-05-17
21731,1980,2025-05-13
22900,14834,2025-05-27
21913,3124,2025-05-21
22540,13257,2025-05-14
22544,7256,2025-05-25
22492,14342,2025-05-27
POST,5780,2025-05-09
22086,12846,2025-05-07
20679,10170,2025-05-18
37370,10008,2025-05-11
21871,377,2025-05-11
21071,13578,2025-05-22
21068,5988,2025-05-30
82483,9854,2025-05-24
82486,12834,2025-05-22
82482,18878,2025-05-10
82494,7381,2025-06-03
21258,7560,2025-06-05
22114,1516,2025-05-13
21733,1932,2025-05-27
22386,3161,2025-05-30
85099,5885,2025-05-26
21033,10355,2025-05-27
20723,5174,2025-05-23
84997,18373,2025-05-21
21094,17862,2025-05-29
20725,7162,2025-06-01
21559,6316,2025-06-02
22352,5620,2025-05-13
21212,3735,2025-05-24
21975,8560,2025-06-04
21977,18800,2025-05-11
84991,12671,2025-05-30
84519,17163,2025-05-11
85183,17937,2025-05-22
85071,19258,2025-05-24
21931,811,2025-06-02
21929,11946,2025-05-30
22961,14286,2025-05-27
22139,889,2025-05-25
84854,12765,2025-05-28
22411,6921,2025-05-26
82567,12507,2025-05-22
21672,6728,2025-05-09
22774,14896,2025-05-11
22771,17720,2025-05-26
71270,17873,2025-05-09
22262,4995,2025-05-19
22637,19753,2025-05-24
21934,2536,2025-05-09
21169,3204,2025-05-10
21166,15179,2025-05-28
21175,7359,2025-05-28
37444,12475,2025-05-16
22083,12151,2025-05-08
84971,14086,2025-05-25
47580,18467,2025-05-24
22261,5434,2025-06-01
84832,10708,2025-05-25
22644,7873,2025-05-10
21533,9752,2025-05-22
21557,17430,2025-05-13
15056,5702,2025-05-26
22646,650,2025-05-27
22176,9577,2025-05-25
22438,7890,2025-05-25
22778,10330,2025-05-12
22719,1245,2025-05-23
21523,13612,2025-05-09
D,877,2025-05-27
21912,7632,2025-05-15
21832,2926,2025-05-18
22379,431,2025-06-01
22381,18622,2025-05-25
22798,15324,2025-05-18
22926,7293,2025-05-15
22839,14473,2025-06-03
22838,6218,2025-05-08
22783,9718,2025-05-23
35004,11884,2025-05-26
82484,10432,2025-05-13
84755,11353,2025-06-02
22464,19341,2025-06-01
21324,10650,2025-05-15
22457,11763,2025-05-28
22469,11603,2025-05-17
22470,431,2025-05-27
22224,169,2025-05-18
21340,12059,2025-06-03
22189,18104,2025-05-22
22427,1995,2025-05-13
22428,5715,2025-05-19
22424,14632,2025-05-25
22663,2292,2025-05-24
85049,13381,2025-05-28
22168,15415,2025-05-17
22662,4130,2025-05-19
84880,9717,2025-05-15
79321,16519,2025-06-04
22780,2681,2025-05-07
22779,14595,2025-05-11
22466,14708,2025-05-19
21363,14005,2025-06-02
21411,19503,2025-06-02
22318,7586,2025-06-02
22915,675,2025-05-26
22922,11078,2025-06-05
22969,17510,2025-05-18
22923,14367,2025-05-28
21115,11571,2025-05-30
22242,4721,2025-05-11
22941,9640,2025-05-14
21622,12214,2025-06-05
85014,12669,2025-05-17
22193,2521,2025-05-31
22192,2050,2025-05-19
22191,1284,2025-05-18
22195,17116,2025-06-02
22196,5305,2025-05-18
22962,13270,2025-05-15
22963,18706,2025-05-23
22968,4413,2025-05-19
84970,15152,2025-05-12
22910,15447,2025-05-21
20668,16502,2025-05-19
22197,16051,2025-06-02
22198,5166,2025-05-13
21080,1151,2025-05-10
21086,11732,2025-05-24
21786,13271,2025-05-13
22654,14784,2025-06-01
21485,8097,2025-05-26
84030,15742,2025-05-27
22174,482,2025-05-10
22556,15890,2025-05-11
21984,13184,2025-05-19
21983,18164,2025-05-28
21980,15108,2025-05-09
21484,18724,2025-05-15
22557,9988,2025-05-19
22553,11000,2025-05-27
22150,17158,2025-05-10
22619,10348,2025-05-20
21891,15146,2025-06-01
21889,17324,2025-05-18
22827,11108,2025-05-08
22127,9723,2025-05-15
22128,2133,2025-05-19
22502,14745,2025-05-27
22338,10700,2025-05-23
22180,14937,2025-05-09
21506,1245,2025-05-12
22866,10457,2025-05-19
22865,1914,2025-06-04
22349,14163,2025-05-29
22558,8773,2025-06-04
85152,13673,2025-05-10
22652,1365,2025-06-04
22188,13413,2025-06-01
21314,15751,2025-05-31
22730,15073,2025-05-11
22729,12253,2025-05-18
22867,10102,2025-05-28
22803,2748,2025-05-13
21844,1006,2025-05-16
22468,9447,2025-05-26
48185,11372,2025-05-10
21232,12114,2025-05-10
22064,11183,2025-05-22
22449,1103,2025-05-31
22835,7455,2025-06-05
22112,18096,2025-06-02
21479,1125,2025-05-14
22111,14450,2025-05-17
22110,170,2025-05-25
22098,19624,2025-05-20
22100,18860,2025-05-29
22766,5197,2025-05-21
22451,19380,2025-05-23
22549,15758,2025-05-10
84744,17012,2025-05-31
21328,5092,2025-05-13
17091,18186,2025-05-14
22473,2424,2025-06-02
84509,528,2025-05-29
84510,18980,2025-06-05
22767,1520,2025-05-14
22768,11996,2025-05-22
21463,3337,2025-05-07
21464,2561,2025-05-28
20820,13126,2025-05-15
85150,8897,2025-05-17
22117,4700,2025-05-18
48129,10041,2025-05-15
82580,11562,2025-05-28
82578,7769,2025-05-10
82581,1133,2025-05-16
22413,5638,2025-05-18
21907,14385,2025-06-02
22441,10592,2025-06-05
21122,13979,2025-06-05
22851,16671,2025-06-04
22810,16015,2025-05-27
22809,6410,2025-05-24
22435,5385,2025-05-12
20966,12094,2025-05-18
20963,444,2025-05-27
20961,3619,2025-05-24
22068,5359,2025-05-31
21743,12180,2025-06-05
21744,2191,2025-05-21
84709,15733,2025-05-20
21592,3540,2025-05-15
21587,19111,2025-05-23
20992,9010,2025-05-27
22804,8569,2025-06-02
20749,3292,2025-05-09
22382,6053,2025-06-04
20726,7340,2025-05-21
22384,5929,2025-06-02
22467,18208,2025-05-24
84625,10073,2025-05-25
21108,14602,2025-05-12
22848,16233,2025-06-02
47570,4708,2025-06-05
22837,4608,2025-05-16
22297,19665,2025-06-04
22772,17873,2025-06-02
22773,15958,2025-05-07
22805,15351,2025-05-25
21125,13230,2025-05-26
21126,12061,2025-05-19
21061,16142,2025-06-05
21063,13381,2025-05-11
21062,7760,2025-05-24
84380,15717,2025-05-14
84378,11079,2025-05-29
22964,6531,2025-05-25
21213,5535,2025-05-10
22417,19031,2025-05-18
84992,12766,2025-05-26
22383,12665,2025-05-31
20728,13314,2025-05-31
20727,14509,2025-05-15
22296,8828,2025-05-14
20914,16337,2025-05-08
22537,5457,2025-05-13
22533,8935,2025-05-26
20982,14575,2025-05-17
21915,15662,2025-05-21
21914,5092,2025-05-27
21544,2285,2025-05-13
22813,18036,2025-05-31
84375,15110,2025-06-02
22418,3604,2025-05-28
22178,12183,2025-06-01
22465,6561,2025-05-26
84949,18564,2025-05-29
20685,13793,2025-06-02
48194,11281,2025-05-25
22488,10607,2025-05-28
22219,7321,2025-05-22
22610,18050,2025-06-01
22716,18195,2025-05-12
22706,18912,2025-06-01
22371,5023,2025-05-22
21210,3458,2025-05-27
16237,12062,2025-05-17
22714,10940,2025-05-30
22812,17261,2025-05-08
84347,18846,2025-05-21
22736,13362,2025-05-16
22620,11733,2025-05-29
21705,18527,2025-05-30
90199,3604,2025-05-17
22785,8371,2025-05-22
22975,5394,2025-05-21
22972,186,2025-05-14
22568,8525,2025-05-09
85116,19042,2025-05-07
22664,8729,2025-05-20
21609,1914,2025-05-26
21866,554,2025-06-01
20669,1363,2025-05-16
90129,13743,2025-05-17
90210,4078,2025-05-19
21955,10750,2025-05-07
72802,4768,2025-06-03
22109,11379,2025-05-17
22531,18247,2025-05-11
21811,1284,2025-05-09
22183,17150,2025-05-30
21678,16486,2025-06-05
21676,11123,2025-05-10
85169,19476,2025-05-30
16238,18724,2025-06-01
84906,16846,2025-05-12
21867,11615,2025-05-24
22075,10728,2025-05-12
21326,17940,2025-05-23
21065,14057,2025-05-27
22074,6807,2025-06-01
20713,8712,2025-05-31
21116,7794,2025-05-22
21824,18937,2025-05-30
21823,17719,2025-05-12
22153,16008,2025-05-30
20717,6791,2025-05-27
22328,12680,2025-05-28
22327,11433,2025-05-28
22630,17914,2025-06-05
21245,3963,2025-06-04
21244,2303,2025-05-21
21242,217,2025-06-05
21243,2283,2025-05-16
22273,8469,2025-05-31
22940,1957,2025-06-05
22759,7429,2025-05-20
21880,9903,2025-05-26
21738,7768,2025-05-19
22077,6712,2025-05-22
21448,18306,2025-06-02
22243,18605,2025-05-07
22141,8679,2025-05-20
22144,12246,2025-05-07
21739,9014,2025-05-11
22271,18687,2025-05-29
22274,11890,2025-05-22
22751,15360,2025-06-05
21034,5930,2025-06-01
22570,378,2025-05-23
22569,3161,2025-05-23
22902,18486,2025-05-14
21710,9771,2025-05-24
21708,19901,2025-05-27
21711,8838,2025-05-22
22179,6623,2025-05-18
21706,605,2025-05-18
85184,15220,2025-05-23
22988,10827,2025-06-04
20750,16675,2025-06-03
22952,16834,2025-05-31
22739,981,2025-05-29
22738,19624,2025-05-23
22909,14729,2025-05-28
35591,8295,2025-05-23
22186,6269,2025-05-26
22695,18991,2025-05-24
22580,1755,2025-06-02
22147,19914,2025-05-17
22130,5744,2025-05-21
22694,15405,2025-06-01
21790,19490,2025-05-28
22149,15807,2025-05-16
22321,5523,2025-05-10
22594,18277,2025-05-15
22593,18772,2025-05-22
22595,9879,2025-05-31
21986,5763,2025-06-02
22750,18421,2025-05-19
22616,14309,2025-05-24
22775,14280,2025-06-05
22899,449,2025-05-18
22367,9796,2025-05-25
22942,19882,2025-05-19
21976,16644,2025-05-19
22951,3671,2025-05-08
22834,10327,2025-06-04
21916,1163,2025-06-02
22587,19400,2025-05-21
22566,4746,2025-05-22
22565,17835,2025-06-01
22472,6815,2025-05-13
22551,6949,2025-05-08
22554,9769,2025-05-22
22534,14923,2025-05-17
22529,12782,2025-05-19
22530,6747,2025-05-12
84032,18696,2025-06-02
22807,9006,2025-05-25
21494,12934,2025-05-17
22938,7209,2025-05-08
21892,11167,2025-05-18
21890,14952,2025-05-13
21718,891,2025-05-31
21716,17358,2025-05-10
21715,13066,2025-05-17
22113,16626,2025-05-19
22358,7356,2025-05-24
22357,10818,2025-05-27
22115,7434,2025-05-16
21481,13958,2025-05-29
22585,13989,2025-05-29
21556,9796,2025-05-27
22645,6211,2025-05-07
22650,9371,2025-05-29
22508,13462,2025-06-03
22511,3068,2025-05-13
22829,14345,2025-05-24
21154,19816,2025-05-25
17021,17805,2025-06-01
22059,4967,2025-05-20
84678,7473,2025-05-31
85172,6186,2025-05-19
22142,8661,2025-05-08
21591,15032,2025-05-23
22480,8405,2025-05-13
22294,10579,2025-05-26
21156,9133,2025-06-02
10133,114,2025-05-11
72800,14587,2025-06-04
84836,5427,2025-05-10
20774,297,2025-05-07
20773,11657,2025-05-22
20777,526,2025-05-29
16016,18262,2025-05-28
16014,2482,2025-05-21
21651,5513,2025-05-09
22618,2410,2025-05-10
21586,17760,2025-05-13
22152,12631,2025-05-21
84754,17905,2025-05-29
22670,748,2025-05-26
84849,5186,2025-05-07
22927,16676,2025-06-01
22925,8940,2025-05-08
21259,11173,2025-05-26
21257,13844,2025-05-20
21121,18835,2025-05-25
82552,2614,2025-06-01
90200,5786,2025-05-29
90059,3116,2025-05-30
90185,1879,2025-06-02
22737,17507,2025-05-29
21260,18331,2025-05-19
22744,1002,2025-06-03
21985,3685,2025-05-30
22295,7571,2025-05-08
16258,19517,2025-05-15
21992,1790,2025-05-24
21124,5813,2025-05-11
22735,7397,2025-05-27
22945,2481,2025-06-02
21816,7415,2025-05-28
21815,833,2025-05-19
21814,10012,2025-06-03
10125,13990,2025-06-02
22573,13985,2025-05-22
22577,19761,2025-05-10
22603,3012,2025-05-20
20878,6653,2025-05-26
20866,4152,2025-06-03
85095,9105,2025-05-31
22333,18185,2025-05-10
21584,12319,2025-06-02
22731,6591,2025-06-04
22956,11441,2025-05-27
22582,5304,2025-06-05
85231,10095,2025-06-02
22082,4697,2025-06-03
22500,12319,2025-05-25
22742,10361,2025-05-30
21329,3375,2025-05-24
21327,3490,2025-05-28
48173,7982,2025-06-02
72818,2095,2025-05-17
22312,6870,2025-05-24
21137,10028,2025-05-12
22041,3950,2025-05-25
20979,9237,2025-06-04
20977,17747,2025-06-04
22571,10828,2025-05-16
22423,10710,2025-05-30
21621,2932,2025-05-30
47563,3849,2025-06-05
84558,7241,2025-06-02
21577,9776,2025-05-15
22087,16129,2025-05-21
22651,1853,2025-05-15
22713,17641,2025-05-11
21370,6481,2025-05-10
21367,4447,2025-05-29
22376,5700,2025-05-26
21895,4669,2025-06-01
22372,1669,2025-05-18
21190,3652,2025-06-01
21894,13134,2025-05-25
70007,5034,2025-05-21
46000,10365,2025-06-01
22712,19300,2025-05-19
22983,19887,2025-06-02
22024,18740,2025-05-21
21488,8129,2025-05-09
22895,14419,2025-05-10
22784,15061,2025-05-17
21441,18075,2025-05-30
84947,6592,2025-05-24
22485,12401,2025-05-08
21794,9167,2025-05-19
20707,17914,2025-05-08
22588,1682,2025-05-17
21292,10574,2025-05-28
22760,2815,2025-05-23
22107,1890,2025-05-10
21486,9695,2025-06-02
22151,12920,2025-05-25
22643,7342,2025-05-17
22642,14124,2025-05-12
22604,8576,2025-05-13
22099,4876,2025-05-09
22653,5045,2025-05-13
22906,18441,2025-05-30
22754,2166,2025-05-09
22919,975,2025-05-25
22917,5745,2025-06-02
22920,19076,2025-05-16
22921,13068,2025-06-01
22918,511,2025-05-16
22916,6516,2025-05-30
22575,6614,2025-05-18
21804,11759,2025-06-05
21588,18846,2025-05-24
22955,5914,2025-05-09
22583,13372,2025-05-20
22241,19432,2025-06-03
22904,1810,2025-05-23
22905,11461,2025-05-22
22092,19011,2025-05-20
22096,10316,2025-05-08
21358,16641,2025-06-05
21123,3264,2025-05-15
21427,13846,2025-06-03
21930,19518,2025-05-10
20772,8451,2025-05-11
71406,7048,2025-06-02
84985,7958,2025-05-16
20754,14470,2025-05-10
84596,8217,2025-05-18
21111,14312,2025-05-25
22501,8314,2025-05-20
22854,8142,2025-05-07
47599,1461,2025-05-15
20972,8914,2025-05-30
21041,16020,2025-05-23
21664,6442,2025-05-30
22907,12428,2025-05-16
22776,14646,2025-05-25
21810,19072,2025-05-08
21197,17131,2025-05-15
85035,3730,2025-05-09
84968,781,2025-05-27
21098,17669,2025-05-15
21192,18177,2025-05-29
84563,11107,2025-05-20
47504,5438,2025-06-05
21742,2762,2025-05-14
22481,13167,2025-05-12
22943,14985,2025-05-16
22699,18361,2025-05-22
22217,8391,2025-06-05
22227,4780,2025-05-18
21106,3289,2025-05-07
21107,18681,2025-06-01
22697,8115,2025-05-10
21826,15092,2025-05-29
22548,10875,2025-05-30
17164,1119,2025-05-14
22429,1168,2025-06-04
20974,13157,2025-05-25
20973,1171,2025-05-22
15044,6133,2025-05-20
21135,9517,2025-05-14
22173,2189,2025-05-14
22626,112,2025-05-21
22625,19242,2025-05-28
22624,2435,2025-05-22
84945,5299,2025-05-13
22244,4749,2025-05-09
47421,11860,2025-06-05
20712,16581,2025-05-30
22973,11953,2025-06-03
84569,1169,2025-05-13
22815,686,2025-05-27
85114,18116,2025-05-15
22584,17034,2025-05-30
22454,8821,2025-06-01
22974,12724,2025-05-20
21452,13571,2025-05-08
22743,14428,2025-05-23
22911,3904,2025-05-10
22453,8476,2025-06-01
22445,3280,2025-05-08
22607,14440,2025-05-08
22635,19875,2025-05-09
22634,6242,2025-05-13
22222,9079,2025-05-22
22947,3627,2025-05-25
22187,14178,2025-05-17
22164,3398,2025-05-16
72598,4963,2025-05-14
22627,3541,2025-05-13
22487,14658,2025-05-11
22360,5125,2025-06-02
22364,17933,2025-05-11
21657,16260,2025-05-29
22120,13018,2025-05-31
21038,15137,2025-05-15
21625,11020,2025-05-24
22097,8606,2025-05-11
21179,8110,2025-05-09
22185,6875,2025-05-20
21662,13284,2025-05-14
85104,3993,2025-05-09
21654,11670,2025-05-13
21658,3569,2025-05-12
21519,12945,2025-05-18
22819,11788,2025-05-13
22704,13478,2025-05-13
21498,18408,2025-05-07
22049,8764,2025-05-12
21497,5232,2025-05-10
21333,16491,2025-05-10
22194,12246,2025-05-23
22688,13650,2025-05-23
84692,6752,2025-05-10
22444,12712,2025-05-22
22555,12648,2025-05-22
22547,13244,2025-05-25
22543,14096,2025-05-14
22539,436,2025-05-19
22561,14473,2025-05-09
22489,1922,2025-05-15
22814,11370,2025-05-27
21520,3844,2025-05-18
21982,5713,2025-05-15
21981,19891,2025-06-03
21967,15365,2025-05-20
22615,18196,2025-05-30
22614,5159,2025-06-03
22095,1419,2025-05-14
22094,17362,2025-05-30
22966,13543,2025-05-10
21874,12898,2025-05-08
21873,19606,2025-05-09
21870,6237,2025-05-13
84050,1499,2025-05-22
22315,16734,2025-06-04
22667,7113,2025-05-30
22666,10828,2025-05-24
22665,18782,2025-05-25
22567,16764,2025-06-03
82600,9830,2025-05-27
22842,4262,2025-06-03
22494,19722,2025-06-02
22740,248,2025-05-24
22825,12185,2025-05-09
22680,13919,2025-05-20
22797,11163,2025-05-20
21843,18056,2025-05-22
22118,18440,2025-05-19
22121,18408,2025-05-26
22119,6045,2025-05-22
22311,7773,2025-05-16
72817,10933,2025-05-13
22277,7146,2025-05-13
20867,15303,2025-05-22
21688,6239,2025-05-15
21694,7135,2025-05-25
22800,14519,2025-05-21
22801,13453,2025-05-10
22781,3246,2025-05-31
21466,4870,2025-06-05
21467,12432,2025-06-03
21471,14826,2025-05-21
21469,15554,2025-06-03
21524,8215,2025-05-10
22791,3491,2025-05-19
21690,6194,2025-05-24
37343,10551,2025-05-22
22088,1227,2025-05-24
21143,9129,2025-05-16
84944,3195,2025-05-28
22601,13286,2025-05-26
22600,3075,2025-05-31
22574,8713,2025-05-19
85199,8681,2025-05-08
72741,9419,2025-05-29
37495,9568,2025-05-15
22171,8403,2025-05-12
85067,8606,2025-05-22
48184,16297,2025-05-25
48138,17363,2025-05-22
85019,15000,2025-05-13
20902,18872,2025-05-19
21429,9543,2025-05-26
22355,17732,2025-05-26
21579,11645,2025-05-19
21576,12926,2025-05-17
22493,19150,2025-05-11
21833,12676,2025-05-14
85135,368,2025-05-22
85136,2748,2025-05-14
21055,10703,2025-05-08
21056,6722,2025-05-14
C2,9122,2025-05-23
21928,14568,2025-06-04
20711,12385,2025-05-08
21773,14585,2025-05-25
21774,7027,2025-05-08
21787,3315,2025-05-18
21801,17731,2025-05-08
21802,6316,2025-05-29
21803,17286,2025-06-03
21809,7189,2025-06-05
21821,10100,2025-06-04
21822,14473,2025-05-22
21851,14220,2025-05-30
21879,19353,2025-05-23
21884,5033,2025-05-20
21888,10316,2025-05-17
21911,6533,2025-05-13
21922,4700,2025-05-26
21935,2061,2025-05-15
21942,9562,2025-06-04
21944,12551,2025-05-16
21949,13663,2025-05-31
21990,539,2025-05-19
21991,13170,2025-06-01
21993,16726,2025-05-27
22037,17786,2025-06-03
22043,1717,2025-05-12
22065,5844,2025-05-16
22067,6923,2025-05-13
22069,18434,2025-05-14
22071,2414,2025-05-08
22076,11835,2025-05-21
22080,17502,2025-05-09
22081,5918,2025-06-03
22090,9793,2025-05-23
22134,19169,2025-05-13
22135,11485,2025-05-10
22154,18030,2025-05-18
22155,12812,2025-05-11
22156,17822,2025-05-17
22161,6127,2025-06-01
22162,4975,2025-05-22
22169,1303,2025-05-26
22182,7298,2025-05-29
22190,4406,2025-05-13
22203,10985,2025-05-30
22207,5670,2025-05-15
22265,1041,2025-05-22
22276,14635,2025-05-23
22299,10702,2025-05-26
22300,13707,2025-06-04
22301,2037,2025-06-04
22309,933,2025-05-12
22314,7827,2025-05-10
22335,12410,2025-05-27
22336,8289,2025-05-18
22345,15657,2025-05-31
22348,10934,2025-05-12
22356,6610,2025-05-24
22359,3877,2025-05-14
22361,16524,2025-05-19
22375,1553,2025-05-23
22378,3232,2025-05-13
22380,4347,2025-05-13
22394,13654,2025-05-09
22396,15772,2025-05-12
22419,13310,2025-05-16
22422,6327,2025-05-10
22430,15323,2025-06-04
22432,2705,2025-05-08
22437,9200,2025-05-12
22471,19125,2025-05-15
22476,1951,2025-05-26
22477,11310,2025-05-10
22478,8784,2025-05-22
22479,7573,2025-05-25
22497,3189,2025-05-13
22515,5929,2025-05-18
22517,5831,2025-05-30
22519,17644,2025-05-17
22545,15618,2025-05-18
22550,10012,2025-05-24
22560,16430,2025-06-03
22589,9152,2025-05-26
22605,6783,2025-05-25
22639,8443,2025-05-14
22669,6344,2025-05-16
22675,3787,2025-05-08
22734,7235,2025-05-12
22741,14879,2025-06-03
22755,15050,2025-05-08
22757,1223,2025-05-21
22758,14398,2025-05-15
22769,12804,2025-05-28
22792,541,2025-05-11
22816,6090,2025-05-26
22818,2546,2025-05-22
22822,6607,2025-05-09
22844,14010,2025-05-16
22847,4895,2025-05-08
22862,4081,2025-05-15
22876,13469,2025-05-27
22928,8093,2025-05-18
22948,12083,2025-05-19
22949,5588,2025-05-25
22976,9363,2025-05-18
35095,2978,2025-05-31
35471,7774,2025-05-20
35598,1275,2025-06-02
35599,1370,2025-05-12
35610,14102,2025-05-20
35818,14392,2025-05-29
35957,7526,2025-05-07
35961,10957,2025-05-22
35971,13860,2025-05-18
37449,13443,2025-05-09
37476,15974,2025-05-17
47559,6020,2025-05-23
47591,9085,2025-05-13
47593,1851,2025-05-11
48188,565,2025-05-23
71459,15530,2025-06-04
72586,790,2025-05-12
72799,16878,2025-05-14
72807,3969,2025-05-28
72816,18981,2025-05-23
79030,14925,2025-05-20
82551,6127,2025-06-05
82583,916,2025-05-12
82613,3902,2025-05-31
84031,16812,2025-05-16
84086,14705,2025-05-07
84279,5137,2025-05-18
85015,13694,2025-05-17
85016,1455,2025-05-22
85017,793,2025-05-15
85032,9598,2025-05-17
85039,8057,2025-05-09
85048,7276,2025-05-08
85064,16318,2025-06-03
85127,12430,2025-05-17
85129,3738,2025-06-02
85131,6297,2025-05-26
85132,18116,2025-05-11
85176,5076,2025-05-29
85177,17461,2025-06-04
85178,13746,2025-06-04
85186,10699,2025-05-20
85232,17791,2025-05-10
90003,19221,2025-06-04
90018,2888,2025-05-13
90022,17898,2025-05-25
90071,6173,2025-05-19
90099,5585,2025-05-15
90116,19390,2025-05-18
90120,15167,2025-05-30
90161,11647,2025-05-23
90190,14267,2025-06-02
90194,11872,2025-05-14
90209,11967,2025-05-31
90214,8806,2025-05-20
DOT,10242,2025-06-02
84534,4236,2025-05-20
84535,1828,2025-05-31
84536,19756,2025-05-11
84580,3808,2025-05-16
84581,19636,2025-05-07
84598,14549,2025-05-24
84912,11017,2025-05-13
84913,4035,2025-05-13
84923,19835,2025-05-14
84946,502,2025-05-22
84988,590,2025-05-16
20856,13593,2025-06-01
20854,2144,2025-05-24
21218,2480,2025-05-19
22845,7677,2025-05-09
11001,14431,2025-05-11
16236,5244,2025-06-02
17003,8064,2025-05-09
17011,2102,2025-06-04
17012,2477,2025-05-18
17129,10348,2025-05-15
18098,11394,2025-05-17
20622,19742,2025-05-25
20658,15443,2025-05-30
20662,15860,2025-05-23
20676,281,2025-06-02
20684,19428,2025-05-10
20719,3891,2025-05-27
20724,13533,2025-06-05
20733,6883,2025-05-12
20735,6339,2025-05-21
20770,16138,2025-05-27
20835,8537,2025-05-27
20839,14072,2025-06-05
20840,11073,2025-05-24
20956,14154,2025-05-23
20969,5448,2025-05-09
20971,13601,2025-05-20
20975,4429,2025-05-12
20981,16972,2025-05-13
20996,1344,2025-05-22
21000,11579,2025-05-23
21012,7369,2025-05-10
21069,7757,2025-05-20
21070,19378,2025-05-27
21147,4638,2025-05-28
21158,3323,2025-05-18
21165,4424,2025-05-27
21174,13696,2025-05-22
21189,12647,2025-05-28
21191,8348,2025-05-27
21195,13701,2025-05-17
21207,10459,2025-05-25
21216,18681,2025-05-09
21217,3851,2025-05-14
21231,12649,2025-05-21
21238,8665,2025-06-02
21249,5560,2025-05-30
21262,7890,2025-05-11
21313,6392,2025-05-16
21349,9860,2025-05-13
21352,1491,2025-05-23
21354,2486,2025-05-13
21365,9581,2025-06-02
21366,15104,2025-05-07
21369,19412,2025-05-24
21372,18691,2025-05-14
21385,1163,2025-05-11
21407,10070,2025-05-19
21408,6130,2025-05-29
21507,1594,2025-06-01
21563,15537,2025-05-09
21564,1924,2025-05-16
21634,18895,2025-05-18
21641,4555,2025-05-23
21679,2281,2025-05-11
21703,8224,2025-05-21
21704,529,2025-06-03
21721,16669,2025-05-23
21722,4814,2025-06-05
21758,1848,2025-05-07
21134,16484,2025-06-01
22145,13379,2025-06-05
37509,8720,2025-05-10
22892,2004,2025-05-30
22245,14901,2025-05-23
20957,12029,2025-05-29
85226,18806,2025-05-11
85044,18140,2025-05-29
79144,6102,2025-05-30
22482,2228,2025-05-28
21917,19694,2025-05-10
20950,18964,2025-06-01
37461,270,2025-06-04
84670,15870,2025-06-02
20697,4134,2025-05-13
22599,14080,2025-05-12
22597,4246,2025-05-31
21495,18483,2025-05-31
84920,5453,2025-05-07
22953,18837,2025-05-18
84508,18517,2025-06-05
21670,15260,2025-05-24
22786,19171,2025-05-10
22212,4272,2025-05-30
22678,9430,2025-05-28
22686,14183,2025-05-08
84685,1853,2025-06-01
20616,18193,2025-05-27
22753,11442,2025-05-10
79066,12983,2025-05-27
22794,17467,2025-05-16
22592,16562,2025-05-26
84352,7476,2025-06-05
22795,15718,2025-06-04
22278,488,2025-05-11
22802,4777,2025-06-01
84884,16565,2025-05-14
51014,13226,2025-05-28
22366,3401,2025-05-10
48111,5432,2025-06-01
22846,9013,2025-05-10
22402,16028,2025-05-22
22400,10344,2025-05-07
22399,1337,2025-05-14
79302,7089,2025-05-17
37446,14564,2025-06-01
22313,6447,2025-05-31
21181,16457,2025-05-08
21818,1505,2025-05-07
21668,18935,2025-05-14
21462,15423,2025-05-15
22496,4501,2025-05-22
84870,14478,2025-05-08
22765,8123,2025-06-02
21351,4188,2025-05-24
22581,3156,2025-05-28
22579,11989,2025-05-28
22572,8935,2025-05-25
22640,12816,2025-05-17
22641,5759,2025-06-03
22638,3394,2025-05-23
22576,6050,2025-05-25
21817,4998,2025-05-09
21813,18475,2025-05-12
21808,3573,2025-05-08
21014,9864,2025-06-05
21018,2097,2025-05-28
22946,5571,2025-05-25
M,4936,2025-05-16
22660,11915,2025-05-16
21761,18859,2025-05-22
21781,1950,2025-05-16
22696,11792,2025-05-07
84360,13336,2025-05-08
35954,7680,2025-05-12
84760,12202,2025-05-08
85045,1412,2025-06-05
22578,4849,2025-05-25
22855,102,2025-05-16
21864,10320,2025-06-04
85174,14382,2025-06-05
82615,4344,2025-05-21
85038,9961,2025-05-16
22965,18786,2025-05-27
21374,12436,2025-05-10
21509,13781,2025-05-20
22025,8237,2025-06-01
22725,7228,2025-05-22
37448,6797,2025-05-12
22421,482,2025-05-19
21136,11418,2025-05-08
71477,19799,2025-05-16
22030,6811,2025-05-10
21789,13191,2025-05-16
21629,17648,2025-05-18
21850,16113,2025-05-10
20978,1583,2025-05-16
20768,17399,2025-06-02
20780,6429,2025-05-20
21398,3181,2025-05-12
21643,3840,2025-05-28
21620,11656,2025-06-05
22260,14739,2025-05-10
22136,17487,2025-05-28
10135,10263,2025-05-19
16168,11311,2025-05-21
17014,994,2025-06-03
17084,7130,2025-06-04
20617,17267,2025-05-29
20619,2233,2025-05-19
20653,15067,2025-05-20
20681,1643,2025-06-01
20682,8706,2025-05-27
20696,6561,2025-05-12
20699,16306,2025-05-10
20700,3583,2025-05-16
20718,10351,2025-05-11
20752,12703,2025-06-02
20761,1239,2025-05-30
20846,1927,2025-05-28
20931,16462,2025-05-13
21002,5503,2025-06-01
21015,14174,2025-06-03
21067,11321,2025-05-23
21109,1716,2025-05-15
21110,6225,2025-06-02
21128,7905,2025-05-27
21164,16977,2025-05-21
21188,4985,2025-05-15
21208,15115,2025-05-09
21220,16115,2025-05-25
21272,488,2025-05-12
21279,11122,2025-05-10
21281,2783,2025-05-13
21288,9739,2025-06-01
21356,522,2025-05-09
21439,915,2025-05-09
21447,1802,2025-05-18
21537,12075,2025-06-01
21547,2588,2025-05-30
21594,13118,2025-05-28
21638,6718,2025-05-20
21648,9611,2025-05-26
21656,8620,2025-05-28
21671,16396,2025-05-15
21684,6884,2025-05-16
21698,17470,2025-05-21
21700,7173,2025-05-20
21745,9349,2025-05-08
21775,13679,2025-05-08
21820,5000,2025-06-03
21830,14619,2025-05-18
21846,18552,2025-05-18
21868,13700,2025-05-11
21875,14081,2025-05-23
21896,5657,2025-05-30
21899,3761,2025-06-01
21906,16021,2025-05-09
21908,15964,2025-05-25
21974,6103,2025-05-30
22078,6401,2025-05-25
22084,9323,2025-05-07
22091,11047,2025-05-23
22124,13743,2025-05-31
22165,7461,2025-05-08
22184,15819,2025-06-02
22208,11223,2025-05-18
22246,17019,2025-05-30
22283,1293,2025-05-25
22304,14008,2025-05-22
22308,10660,2025-05-18
22317,18255,2025-05-15
22324,7385,2025-05-22
22325,11509,2025-05-19
22331,2872,2025-05-19
22342,10075,2025-05-10
22350,11386,2025-05-24
22393,10435,2025-06-05
22405,6682,2025-05-09
22409,7278,2025-06-05
22420,10322,2025-05-22
22425,3816,2025-05-23
22458,1568,2025-05-29
22459,4883,2025-05-26
22499,3920,2025-05-21
22503,5861,2025-06-04
22536,17275,2025-05-20
22586,16595,2025-05-26
22602,2363,2025-05-08
22649,1853,2025-05-28
22668,16426,2025-05-18
22673,17910,2025-05-23
22692,11484,2025-05-26
22746,1780,2025-06-05
22747,10664,2025-06-01
22756,1105,2025-05-10
22788,12683,2025-05-14
22831,13355,2025-05-16
22841,15168,2025-05-31
22863,1316,2025-05-22
22870,7218,2025-05-14
22890,4273,2025-05-19
22897,17746,2025-05-16
22898,9092,2025-05-17
22944,11325,2025-06-05
22977,9172,2025-06-03
35637,4025,2025-06-04
35916,4429,2025-05-20
35964,2285,2025-05-29
35965,15134,2025-06-02
35967,8169,2025-05-08
37450,16111,2025-06-01
37491,12238,2025-05-29
46775,17955,2025-06-05
46776,16076,2025-05-09
47566,5499,2025-05-16
47567,5394,2025-05-28
47590,8384,2025-05-17
47594,3494,2025-05-15
70006,11362,2025-05-08
71496,7419,2025-05-15
72134,2417,2025-05-12
79067,7117,2025-06-04
82582,14970,2025-05-24
82599,6221,2025-05-26
82616,9556,2025-06-02
84459,16350,2025-05-18
84520,12296,2025-05-10
84559,12636,2025-05-20
84609,18980,2025-05-25
84659,4002,2025-06-03
84663,15666,2025-05-11
84828,12437,2025-06-04
84856,12283,2025-05-19
84915,19155,2025-05-23
84950,312,2025-05-11
84976,15037,2025-06-03
85008,11179,2025-05-11
85040,3229,2025-05-27
85053,19958,2025-06-02
85170,17653,2025-05-14
85212,16381,2025-05-24
85227,19027,2025-05-28
90013,5583,2025-06-03
90019,14863,2025-05-24
90024,16196,2025-06-05
90036,19708,2025-06-05
90040,16476,2025-05-24
90051,3340,2025-05-22
90054,13479,2025-05-22
90077,2376,2025-05-30
90124,3304,2025-05-14
90134,10988,2025-05-08
90138,3302,2025-06-02
90166,16888,2025-05-18
90173,9253,2025-05-21
90177,11896,2025-05-12
90181,2234,2025-05-25
90192,10683,2025-06-02
90206,8388,2025-05-31
90211,1256,2025-05-13
20970,14755,2025-06-02
84658,12392,2025-05-10
22448,12038,2025-05-28
22447,17732,2025-06-02
22446,14106,2025-05-16
20665,5318,2025-05-19
21472,16581,2025-05-30
21877,15491,2025-05-18
22524,19358,2025-05-21
20765,9674,2025-06-01
21624,2175,2025-05-28
84926,11752,2025-05-18
72803,10616,2025-05-16
40001,17178,2025-05-10
21709,4034,2025-06-02
22220,14904,2025-05-29
85034,9247,2025-05-21
72798,19452,2025-06-01
35271,10278,2025-05-18
21380,5903,2025-06-01
21221,4857,2025-05-29
20755,17108,2025-05-24
21421,18177,2025-05-15
21422,9296,2025-05-22
22617,6078,2025-05-13
21364,1852,2025-05-13
21042,763,2025-05-28
22272,12995,2025-05-31
21172,13415,2025-05-14
72760,5901,2025-05-22
22365,9747,2025-06-03
22507,13537,2025-05-08
62096,10313,2025-06-01
22044,6843,2025-05-25
21918,6255,2025-05-25
22029,6481,2025-05-11
21360,9577,2025-06-02
84077,1494,2025-05-14
84792,10943,2025-05-25
85175,18368,2025-05-31
20893,13918,2025-05-08
22440,8233,2025-05-07
22434,7678,2025-05-13
22564,6281,2025-05-09
21215,17729,2025-05-29
21058,10978,2025-05-29
21060,3690,2025-05-20
21719,12747,2025-05-16
84826,5773,2025-05-09
21881,680,2025-05-29
22491,1682,2025-05-20
21355,3798,2025-05-29
21518,8296,2025-06-02
22023,15703,2025-06-05
22027,288,2025-05-23
22718,16987,2025-05-19
22717,7853,2025-05-17
22028,14444,2025-06-02
21669,15663,2025-05-14
21673,13190,2025-05-28
22460,5890,2025-05-23
22433,5461,2025-05-11
22431,2011,2025-05-27
84674,11196,2025-06-02
22676,15889,2025-06-01
22672,14181,2025-05-11
22777,4383,2025-06-02
22924,1672,2025-05-16
22832,581,2025-05-15
20674,6518,2025-05-09
22170,11075,2025-05-13
21428,7835,2025-06-04
22840,6854,2025-06-02
79191,6612,2025-06-05
47471,17707,2025-05-07
16046,18397,2025-05-12
22796,12680,2025-05-11
22733,6728,2025-05-11
22559,15672,2025-05-19
22896,2234,2025-05-23
20967,6354,2025-05-18
21430,9954,2025-05-17
22070,19215,2025-06-04
20983,9630,2025-06-05
21527,2863,2025-05-12
21538,843,2025-05-11
85216,14611,2025-05-16
22131,5890,2025-05-24
21163,19128,2025-05-27
21161,6186,2025-05-27
21159,4348,2025-05-20
21390,19016,2025-05-12
22285,16752,2025-05-15
22284,15289,2025-05-25
21383,16817,2025-05-23
21381,8559,2025-05-22
22210,9705,2025-05-30
22209,11074,2025-06-02
21872,14801,2025-05-10
22761,5314,2025-05-08
22385,602,2025-05-23
22374,1184,2025-05-26
21741,4620,2025-05-18
85061,11857,2025-05-23
40016,10300,2025-05-30
22202,17062,2025-05-14
21064,3685,2025-05-11
84341,9127,2025-05-12
16235,4363,2025-05-29
20986,12230,2025-05-15
20832,12060,2025-05-19
84846,5462,2025-05-27
22442,5683,2025-05-14
21769,11847,2025-05-23
20798,10498,2025-05-13
22320,15027,2025-05-12
21561,8808,2025-05-23
22215,17963,2025-05-25
20675,16349,2025-05-21
21239,9530,2025-06-01
21987,8380,2025-05-24
21988,14382,2025-05-23
21989,2122,2025-06-04
22316,6375,2025-05-28
22332,5994,2025-05-13
21206,1624,2025-06-02
20677,4850,2025-05-12
22806,6715,2025-05-07
22893,12534,2025-06-03
85159,15633,2025-06-05
21784,14500,2025-06-01
22849,4632,2025-05-22
17090,2473,2025-05-16
72127,14260,2025-05-28
72133,13309,2025-05-16
84763,19476,2025-05-29
22450,1923,2025-05-25
10124,16757,2025-05-29
22505,17502,2025-05-09
22514,6965,2025-05-19
21504,10384,2025-06-05
22292,17039,2025-05-24
21211,17470,2025-05-21
22045,736,2025-05-25
90175,14738,2025-05-20
90180,19103,2025-06-01
90178,3715,2025-05-28
22986,2475,2025-05-22
20984,17836,2025-05-30
22436,17158,2025-06-02
21465,252,2025-05-26
21470,1696,2025-05-07
16012,582,2025-05-27
85025,11737,2025-05-09
21849,1424,2025-05-25
85124,17665,2025-05-24
20828,1305,2025-05-27
21623,15617,2025-05-11
16156,12115,2025-05-21
22426,10298,2025-05-24
90082,13461,2025-05-31
90081,16749,2025-05-13
90204,17707,2025-05-25
90195,11334,2025-06-01
90196,8898,2025-06-05
90186,8622,2025-05-07
20894,10515,2025-06-01
85106,7731,2025-06-01
21415,17316,2025-05-14
21416,16011,2025-05-13
21417,11536,2025-05-27
22343,6079,2025-05-30
22474,8207,2025-05-11
18097,7366,2025-06-04
21902,11377,2025-05-22
21901,4608,2025-05-09
21948,5654,2025-05-28
20759,17926,2025-05-13
20760,10024,2025-05-11
20757,8020,2025-06-02
85185,180,2025-05-07
22439,5593,2025-05-22
79164,5316,2025-05-09
84683,10679,2025-05-18
79163,17013,2025-05-24
22175,11839,2025-05-11
21155,8077,2025-05-13
15060,2290,2025-05-12
22985,6472,2025-06-05
22821,799,2025-05-28
22705,6548,2025-05-19
84952,15725,2025-05-11
72801,3518,2025-05-08
21735,577,2025-05-30
21500,18290,2025-05-10
15036,2958,2025-05-27
BANK,19165,2025-05-28
21539,1074,2025-05-19
22341,7120,2025-05-30
22452,5825,2025-05-25
21508,13629,2025-05-28
21499,13293,2025-06-05
35001,3699,2025-05-29
22264,17343,2025-06-01
22181,4279,2025-05-09
21392,13816,2025-05-31
21393,11104,2025-05-09
21268,15033,2025-05-21
85144,14613,2025-05-21
21025,2325,2025-05-18
21031,1991,2025-06-05
21030,7324,2025-05-20
21026,6449,2025-05-07
21032,16953,2025-05-25
21578,3293,2025-05-23
21357,10071,2025-06-04
20766,8563,2025-05-28
21399,19497,2025-05-15
22562,2861,2025-05-21
21714,9166,2025-05-29
20751,4264,2025-05-10
22636,3042,2025-05-31
21426,12049,2025-05-11
21581,6165,2025-05-27
90002,10185,2025-05-28
21900,852,2025-05-10
22031,11881,2025-05-25
21788,8250,2025-05-10
22408,13710,2025-05-08
22406,11447,2025-05-16
22275,5015,2025-05-27
22042,7929,2025-05-17
22089,395,2025-05-18
85066,11969,2025-05-19
21129,6989,2025-05-12
21059,16191,2025-05-28
22877,19960,2025-05-21
22869,15611,2025-05-14
22878,14066,2025-06-04
21240,5819,2025-05-15
21927,19427,2025-05-27
21925,11920,2025-05-31
22763,16313,2025-05-24
22334,18678,2025-05-29
22655,4406,2025-05-07
22060,5799,2025-05-12
22061,10670,2025-05-14
21531,11112,2025-05-15
21039,12409,2025-05-28
21157,11760,2025-06-02
16161,8719,2025-05-24
85214,11691,2025-05-09
72232,13129,2025-05-20
84247,13826,2025-05-16
21530,19562,2025-05-24
21528,1670,2025-05-18
21114,347,2025-05-27
20615,4697,2025-05-20
47021,6134,2025-06-05
22443,19839,2025-05-28
21807,11389,2025-05-09
22689,11422,2025-05-08
22591,13178,2025-05-30
22504,11888,2025-05-28
22158,15939,2025-05-12
22621,9264,2025-05-19
79000,8742,2025-05-29
21878,9071,2025-06-05
20941,16810,2025-06-04
21066,19235,2025-06-05
21205,19464,2025-05-29
21361,953,2025-05-31
21876,9710,2025-06-04
22167,13304,2025-05-26
22200,8730,2025-05-13
22412,6027,2025-05-12
22525,6069,2025-05-28
72349,7959,2025-05-18
84872,17223,2025-05-26
10123,6376,2025-06-05
10120,14157,2025-05-25
84006,9239,2025-06-01
20767,12657,2025-05-12
90094,10313,2025-05-15
21882,14922,2025-05-25
20886,7761,2025-05-13
21945,1934,2025-05-29
22133,6912,2025-05-27
22456,18365,2025-05-21
22891,19482,2025-05-07
20655,7409,2025-05-12
21100,18896,2025-05-13
21201,9553,2025-06-02
21558,11776,2025-05-28
21865,5711,2025-05-14
22132,8812,2025-05-29
22166,19709,2025-05-11
22518,3424,2025-05-25
22628,516,2025-06-02
85036,5400,2025-05-29
84993,16527,2025-05-22
84987,1286,2025-05-19
20998,19459,2025-05-09
22702,16834,2025-06-04
84925,9168,2025-05-31
21078,18965,2025-05-21
22105,15579,2025-05-14
22163,10923,2025-05-23
22216,7755,2025-05-15
22248,3340,2025-05-13
22250,851,2025-05-15
22251,16551,2025-06-04
22255,8595,2025-05-18
22288,2972,2025-05-12
22363,12417,2025-06-03
22395,10811,2025-06-04
22483,6996,2025-06-04
22546,1803,2025-05-08
22609,2523,2025-05-07
22762,16596,2025-05-17
22811,14424,2025-05-16
22882,2236,2025-05-11
22884,15265,2025-05-22
22908,5959,2025-05-10
44234,18660,2025-05-07
71143,14653,2025-05-07
72351,10702,2025-05-19
75049,2277,2025-05-16
75131,14189,2025-05-18
82001,17161,2025-05-11
84270,3733,2025-06-04
84660,6051,2025-05-16
84661,2246,2025-06-04
84673,13948,2025-05-11
84927,196,2025-06-01
85054,13506,2025-05-31
85055,13634,2025-05-17
85167,11398,2025-05-24
85203,7898,2025-06-04
90000,116,2025-05-13
90028,7959,2025-06-04
90060,205,2025-05-07
90114,1073,2025-05-29
90115,8313,2025-05-10
90141,9453,2025-05-28
90205,19390,2025-05-10
16218,8124,2025-05-19
16225,2245,2025-05-15
20686,17513,2025-05-11
21200,2308,2025-05-08
21051,18672,2025-05-17
21112,3033,2025-06-05
21219,15863,2025-06-01
21224,19028,2025-05-09
21261,19007,2025-05-16
21263,13456,2025-05-31
21286,3712,2025-05-27
21446,10592,2025-05-27
21619,2118,2025-05-13
21640,19455,2025-05-11
21675,3528,2025-05-16
21725,7423,2025-05-10
21828,19091,2025-05-27
21829,11043,2025-05-13
21903,15359,2025-05-29
21936,17633,2025-05-24
22959,9318,2025-05-27
21027,19751,2025-05-31
84539,602,2025-05-14
90096,13940,2025-05-08
21095,14974,2025-05-29
85018,619,2025-06-05
22732,13503,2025-06-03
47503,9612,2025-05-23
37464,9169,2025-06-02
22035,2687,2025-06-01
21250,2019,2025-05-27
21677,14506,2025-05-17
84212,9778,2025-05-19
21377,6002,2025-05-21
21379,10341,2025-05-10
37489,10539,2025-06-02
17107,19519,2025-05-15
21932,6650,2025-05-15
21933,3462,2025-06-04
22072,16520,2025-05-08
21905,14659,2025-05-20
22414,16055,2025-05-07
22116,5513,2025-05-10
85130,1136,2025-05-16
22137,15990,2025-05-29
85230,646,2025-05-10
22306,189,2025-05-23
20734,6549,2025-05-14
20960,10391,2025-05-13
35970,8276,2025-05-30
84507,6784,2025-05-21
20910,6479,2025-05-09
90128,3373,2025-05-18
90198,5951,2025-05-15
90152,10733,2025-05-23
90151,3260,2025-05-17
20661,3113,2025-05-20
20652,216,2025-06-01
21845,3533,2025-05-08
22398,14245,2025-06-01
84877,9616,2025-05-28
20657,17268,2025-05-29
47422,16287,2025-05-22
21642,5031,2025-05-31
72130,253,2025-06-01
72128,1513,2025-05-21
47343,1215,2025-05-22
21054,11650,2025-05-11
22339,19254,2025-05-08
22337,9987,2025-05-23
84562,9455,2025-05-29
21040,10189,2025-05-23
21937,11786,2025-05-22
22701,331,2025-05-10
22362,3864,2025-05-09
82011,14337,2025-05-22
84865,12852,2025-06-05
35951,1634,2025-05-17
21414,1057,2025-05-23
21653,8867,2025-05-26
85126,9645,2025-05-30
21692,375,2025-05-25
21535,11920,2025-05-20
21836,11010,2025-05-28
47556,491,2025-05-24
37474,19696,2025-05-18
21011,9012,2025-05-30
21287,12115,2025-05-14
79337,10218,2025-05-08
85111,10360,2025-05-12
22307,17455,2025-06-04
85078,12751,2025-05-12
84614,10616,2025-05-31
22509,3938,2025-06-02
90145,10883,2025-05-18
90143,11039,2025-05-17
90010,15975,2025-05-12
90050,5422,2025-05-16
90053,4097,2025-06-02
21696,9267,2025-05-16
21275,10979,2025-05-09
20829,1856,2025-05-17
21947,15997,2025-05-30
21726,6211,2025-05-29
22671,13909,2025-05-28
20936,898,2025-05-22
84924,888,2025-06-02
35810,18169,2025-05-09
35241,688,2025-05-12
17109,540,2025-05-08
22853,19740,2025-06-04
84819,16240,2025-05-23
22079,2306,2025-05-27
90162,15121,2025-05-12
21626,5243,2025-05-22
90167,11832,2025-05-28
22403,17946,2025-05-07
22563,14138,2025-05-13
84827,12975,2025-05-19
22799,2925,2025-05-28
22305,8498,2025-05-13
84898,392,2025-05-26
22415,3536,2025-05-12
22256,16547,2025-05-28
47310,6932,2025-05-20
21555,5283,2025-05-21
22390,10176,2025-05-29
84963,6376,2025-05-10
85206,13797,2025-05-16
22021,14812,2025-06-04
21445,19577,2025-05-30
77101,7799,2025-05-29
84358,3096,2025-05-29
21294,6740,2025-05-21
21468,4606,2025-05-31
22123,16715,2025-05-28
22939,1759,2025-05-15
71279,9481,2025-05-29
22598,7025,2025-05-30
22532,3237,2025-05-18
21413,203,2025-05-26
79149,12521,2025-05-09
21682,821,2025-05-27
78034,14613,2025-05-27
22894,18467,2025-06-02
79151,3852,2025-05-30
21090,8340,2025-05-23
21209,18495,2025-05-13
22354,3939,2025-05-21
21635,13293,2025-05-29
35653,5559,2025-05-20
15039,11904,2025-05-22
84978,4536,2025-06-02
84921,19304,2025-05-08
90086,3822,2025-05-19
62018,13860,2025-05-29
16011,1689,2025-05-23
85179,7859,2025-05-13
21785,16833,2025-05-21
21650,9875,2025-05-17
84874,3572,2025-05-28
22674,5058,2025-05-20
72051,15354,2025-05-12
20764,8020,2025-06-03
47579,17917,2025-05-18
21723,3370,2025-05-17
35953,18920,2025-06-02
84051,10248,2025-05-28
21187,10512,2025-05-18
22034,6108,2025-05-16
20980,9475,2025-06-03
35958,19613,2025-05-21
75013,10744,2025-05-11
22830,13548,2025-05-11
22684,3687,2025-05-12
21630,2154,2025-05-09
21580,9074,2025-05-27
22231,18736,2025-05-12
22859,17588,2025-05-10
22860,10590,2025-05-14
22093,2462,2025-05-13
20748,7612,2025-05-27
85208,16315,2025-05-30
22129,1188,2025-05-23
22808,10530,2025-06-05
20702,19126,2025-05-10
85187,10144,2025-05-16
21683,3747,2025-06-02
22770,19785,2025-06-05
79190,6593,2025-05-27
15034,11407,2025-05-28
35924,5901,2025-05-30
20671,10505,2025-05-15
21904,11312,2025-05-24
22843,3819,2025-05-23
22199,2029,2025-05-09
47369,18646,2025-06-02
47367,16188,2025-05-16
21695,17853,2025-05-24
84773,4252,2025-05-07
21424,1530,2025-05-22
21819,17733,2025-06-01
22817,10206,2025-05-20
22252,820,2025-05-24
21401,4473,2025-05-12
84597,14849,2025-05-27
51020,8703,2025-05-31
21306,14035,2025-05-26
21311,11411,2025-05-07
21307,13677,2025-05-20
21277,18710,2025-05-09
22475,12411,2025-05-25
90062,4418,2025-05-30
21616,4392,2025-05-08
20659,5836,2025-05-23
20985,19303,2025-05-08
22346,15324,2025-05-10
22344,5063,2025-05-24
85215,10992,2025-05-22
85062,13272,2025-05-10
22984,4583,2025-05-07
21202,4865,2025-05-14
84531,9924,2025-06-01
21910,216,2025-05-31
22461,2067,2025-06-05
22833,1968,2025-05-28
22690,7797,2025-05-16
84881,1049,2025-05-09
21613,4214,2025-05-07
21693,9630,2025-05-23
84809,12305,2025-05-20
22157,8488,2025-05-16
84795,3696,2025-06-03
20771,549,2025-05-23
37327,12571,2025-05-27
85027,14306,2025-05-10
16010,10289,2025-05-12
84707,1280,2025-05-15
21167,15581,2025-05-18
51008,3589,2025-05-09
21713,5548,2025-06-04
20802,15626,2025-05-31
22052,12756,2025-06-01
20781,6411,2025-05-24
22389,16079,2025-05-14
84840,14885,2025-06-05
22073,632,2025-05-30
20716,10468,2025-06-05
20782,19817,2025-05-17
20847,4834,2025-05-26
21291,18134,2025-05-11
21319,502,2025-05-16
21359,19558,2025-05-18
21397,10100,2025-05-23
21627,17654,2025-05-21
21632,3072,2025-05-20
22106,4676,2025-05-15
22108,7810,2025-05-17
22221,1948,2025-05-14
22223,18467,2025-05-25
22282,4219,2025-06-02
22329,11221,2025-05-28
22416,6593,2025-05-21
22613,18301,2025-05-29
35648,6325,2025-05-07
35651,16573,2025-05-20
37447,7710,2025-06-03
46118,6392,2025-06-03
62094,12983,2025-05-15
84078,6699,2025-05-18
84228,5836,2025-05-11
84568,2789,2025-05-20
84789,1580,2025-05-15
84813,12751,2025-05-14
85093,3897,2025-05-12
85096,4033,2025-05-13
85202,11610,2025-05-30
85204,16807,2025-05-19
90001,11542,2025-05-10
90014,12979,2025-05-08
90085,16794,2025-05-18
90132,14808,2025-05-25
90140,15991,2025-05-19
90158,8122,2025-06-04
90183,8792,2025-05-14
90201,7553,2025-05-28
90212,1824,2025-05-26
84712,8241,2025-05-07
22279,15803,2025-05-18
22280,12874,2025-05-26
22377,14242,2025-06-05
22495,5947,2025-05-16
22521,375,2025-05-13
22523,8485,2025-05-09
22677,9340,2025-05-23
22682,10829,2025-06-02
22715,6732,2025-05-26
21253,7523,2025-05-10
21265,10979,2025-05-07
21389,18405,2025-05-25
21391,5159,2025-06-05
21403,2263,2025-05-29
21534,17070,2025-05-09
21618,18685,2025-05-26
21812,13589,2025-05-13
21847,1242,2025-06-02
21943,7593,2025-05-19
22104,14130,2025-05-10
22322,481,2025-05-08
22340,10128,2025-05-20
35833,8000,2025-05-19
84637,215,2025-05-26
90039,12737,2025-05-13
90056,19126,2025-05-21
90101,14957,2025-06-05
90130,2091,2025-05-20
20762,9822,2025-06-04
20803,17660,2025-05-11
18007,17450,2025-05-13
21720,17219,2025-05-27
21289,18587,2025-05-28
22606,1523,2025-05-27
37479,16676,2025-05-12
37482,18596,2025-06-04
20903,2473,2025-05-16
20897,10402,2025-05-17
71403,17667,2025-05-09
22683,185,2025-05-13
22685,11851,2025-05-25
21973,2628,2025-05-25
22691,19283,2025-05-24
21162,14048,2025-05-11
22233,14749,2025-05-09
35400,9955,2025-05-26
22486,9095,2025-05-30
84711,16337,2025-05-09
16169,14692,2025-06-03
20769,12833,2025-05-27
35597,19946,2025-06-04
47480,9213,2025-05-29
84522,5418,2025-05-13
20731,12310,2025-05-23
21226,7830,2025-05-14
79160,2626,2025-06-05
72131,6683,2025-05-09
21089,10180,2025-05-24
21647,12722,2025-05-17
72122,1598,2025-05-18
20775,16457,2025-05-13
90179,12156,2025-05-24
85020,11548,2025-05-09
20861,15981,2025-05-29
21827,4658,2025-05-19
79051,7561,2025-05-15
17007,6697,2025-05-24
22700,9417,2025-05-16
21644,4246,2025-05-17
22681,16338,2025-06-02
21746,18738,2025-05-07
84916,5770,2025-05-24
40005,4244,2025-05-23
18094,7043,2025-05-14
22085,2609,2025-06-01
47586,13511,2025-05-17
46115,474,2025-05-07
84975,6266,2025-05-25
21336,1645,2025-06-02
22050,5155,2025-05-29
21680,3695,2025-05-14
20819,8564,2025-05-27
22535,12598,2025-05-11
21001,13911,2025-05-12
21028,5914,2025-05-24
21171,6460,2025-05-13
21204,8944,2025-05-21
21222,18379,2025-05-16
21251,2075,2025-05-28
21375,11423,2025-06-03
21595,4180,2025-05-12
22101,18449,2025-05-12
35914,3893,2025-06-05
37462,16635,2025-05-08
47481,17698,2025-06-03
84313,2205,2025-05-28
84422,13135,2025-05-08
84429,10707,2025-05-24
84917,18564,2025-05-23
85087,10947,2025-05-23
85094,4759,2025-05-25
85125,19278,2025-05-26
90073,2526,2025-05-24
90074,15935,2025-05-13
90104,3693,2025-05-15
90160,682,2025-05-28
90184,6052,2025-06-02
90208,19477,2025-05-08
21617,7715,2025-05-23
22693,3122,2025-06-04
35646,14604,2025-05-10
47574,4694,2025-05-22
72819,4289,2025-05-22
84665,442,2025-05-30
21248,17163,2025-05-20
20857,2209,2025-05-14
85047,1717,2025-05-24
22679,15134,2025-05-27
22520,544,2025-05-11
22516,6182,2025-05-12
22353,1239,2025-06-05
22498,19592,2025-05-27
S,6294,2025-05-11
84725,18947,2025-05-14
AMAZO,1216,2025-05-24
17038,1420,2025-05-10
84388,18699,2025-05-25
22211,4289,2025-05-15
22903,6190,2025-05-11
22026,18113,2025-05-28
37340,280,2025-05-23
16052,18971,2025-05-11
16219,14751,2025-05-24
20763,11721,2025-05-28
20801,4251,2025-05-11
20892,3468,2025-06-05
21316,16856,2025-05-21
21666,277,2025-05-19
22293,12939,2025-05-22
22608,1952,2025-05-16
22789,14003,2025-05-19
22880,18958,2025-05-16
22883,13432,2025-06-03
22889,685,2025-06-03
35809,18306,2025-05-12
37500,16964,2025-05-20
37501,3976,2025-05-09
90005,10342,2025-05-30
90087,5075,2025-05-30
90168,4830,2025-05-31
90169,1937,2025-05-08
90187,17217,2025-05-11
90202,11820,2025-05-08
22528,992,2025-05-19
48189,9121,2025-05-31
84989,6505,2025-05-21
21410,18949,2025-05-28
85173,18919,2025-05-25
22513,19689,2025-05-14
85119,1617,2025-06-03
22875,12282,2025-06-03
21689,11547,2025-05-08
85059,9297,2025-05-09
84497,7540,2025-05-09
85026,2023,2025-05-17
22512,18182,2025-05-12
22611,8354,2025-05-21
22873,3218,2025-05-31
37467,3206,2025-05-11
84251,13800,2025-05-24
85213,11471,2025-05-08
90023,19182,2025-05-16
90027,4048,2025-05-24
90170,9667,2025-06-04
20663,7725,2025-05-07
20794,10190,2025-05-21
21269,7187,2025-05-25
21792,14380,2025-06-01
22708,8063,2025-05-29
22048,10494,2025-05-22
22057,7480,2025-05-12
22930,16036,2025-06-01
22931,8536,2025-05-18
22932,7253,2025-05-25
22937,13754,2025-05-14
22710,4745,2025-05-20
22051,18633,2025-05-25
22936,6863,2025-05-31
22935,2218,2025-05-07
85068,5998,2025-06-05
47348,11033,2025-05-29
21686,18288,2025-05-11
85024,16439,2025-05-18
71038,19488,2025-05-25
84613,3242,2025-06-04
84910,18405,2025-05-07
21246,8048,2025-05-31
21376,3852,2025-06-05
20618,11991,2025-06-05
16202,5100,2025-05-11
47420,10420,2025-06-03
22510,7574,2025-05-13
48116,2371,2025-06-03
72709,3384,2025-06-02
72132,14466,2025-05-08
85118,7737,2025-05-11
35968,19469,2025-05-21
22063,7878,2025-05-28
84415,1388,2025-05-18
20906,14112,2025-05-07
20703,1460,2025-05-13
71495,14414,2025-05-13
78124,1718,2025-06-02
79403,6295,2025-05-12
90034,10726,2025-05-24
90089,2072,2025-05-30
17013,7075,2025-05-18
17096,888,2025-05-18
21285,15398,2025-05-12
21442,9284,2025-05-16
21717,17067,2025-05-09
21749,14099,2025-05-27
21750,15680,2025-05-29
22538,16781,2025-06-04
22541,3934,2025-05-07
22647,13676,2025-06-05
22138,7565,2025-05-26
71215,11129,2025-05-31
20695,2215,2025-05-13
22820,18184,2025-06-05
84706,6292,2025-05-31
22828,2740,2025-05-08
22703,9984,2025-05-13
20849,15335,2025-05-23
84977,19701,2025-06-05
21661,8568,2025-05-13
22698,14168,2025-05-22
84875,18149,2025-05-17
84876,12344,2025-05-26
84192,18210,2025-05-24
21628,14472,2025-06-02
22254,186,2025-05-22
21615,17404,2025-05-09
22236,18337,2025-05-16
22933,10826,2025-06-01
85107,6807,2025-05-27
21382,19368,2025-05-24
44235,4133,2025-05-23
40003,10245,2025-05-11
21763,17268,2025-05-28
84688,18925,2025-05-14
21120,15006,2025-06-03
21264,7858,2025-05-13
21284,7482,2025-05-21
22201,18056,2025-05-11
22269,5300,2025-05-11
22526,1118,2025-05-18
84012,5167,2025-05-27
85180,7375,2025-05-27
90030,393,2025-06-02
90093,4028,2025-06-04
90174,11664,2025-06-02
90188,7603,2025-05-07
DCGS0,11062,2025-05-20
16015,17089,2025-05-20
16008,17088,2025-05-11
37333,14043,2025-05-30
20778,17933,2025-05-10
20758,6205,2025-05-24
22319,8000,2025-05-08
22824,17642,2025-05-24
21132,19862,2025-05-16
84818,14301,2025-05-16
84798,16608,2025-05-09
22230,190,2025-06-04
90033,9501,2025-06-01
90042,9067,2025-05-21
21186,7689,2025-05-15
62095,414,2025-05-31
72814,1217,2025-05-28
84802,6156,2025-05-10
22218,16229,2025-05-28
84843,9258,2025-05-31
21144,14261,2025-05-31
21317,4517,2025-05-23
72815,13127,2025-05-11
22885,13806,2025-05-23
84356,15331,2025-05-22
47578,9748,2025-05-15
21562,4820,2025-05-19
22856,5969,2025-05-16
22934,6305,2025-05-12
16048,6504,2025-05-17
20932,10398,2025-05-07
22263,9594,2025-05-07
84748,3463,2025-06-01
90070,12510,2025-05-19
90147,3571,2025-05-13
37475,2683,2025-05-27
84951,3817,2025-05-07
22053,4170,2025-06-03
21131,9575,2025-05-25
20654,5328,2025-05-28
17165,16363,2025-05-15
22291,8880,2025-06-01
15058,6303,2025-05-23
20868,8834,2025-05-25
84820,17585,2025-05-27
85006,9091,2025-05-17
84821,17432,2025-05-13
84638,3153,2025-05-12
22229,15422,2025-05-10
22228,14665,2025-06-03
16054,10547,2025-05-18
84595,7176,2025-05-12
35915,14056,2025-05-14
85086,4093,2025-05-30
21431,5551,2025-05-16
85084,13265,2025-05-21
81950,6549,2025-05-11
22055,9777,2025-05-25
84631,17095,2025-05-13
84799,3919,2025-05-12
21454,10324,2025-05-14
22391,11121,2025-06-02
21318,8488,2025-05-09
21418,15620,2025-05-15
21420,3621,2025-05-23
22286,1414,2025-05-16
22287,18399,2025-05-10
35609,1060,2025-05-15
84931,13592,2025-05-19
85211,13304,2025-05-12
90031,1209,2025-05-31
90125,14096,2025-05-15
22826,4418,2025-06-04
22852,5627,2025-06-02
22102,6696,2025-05-19
16033,14948,2025-05-15
20830,18469,2025-05-09
20831,11647,2025-05-19
90067,17055,2025-05-19
21378,3965,2025-05-20
22857,9225,2025-05-16
22858,16794,2025-06-04
22861,12761,2025-05-24
22232,13136,2025-05-27
20793,17550,2025-05-13
20664,16587,2025-06-04
20670,2556,2025-05-12
21946,17105,2025-06-02
20666,5324,2025-05-22
82605,11642,2025-06-01
84882,4811,2025-05-30
85031,10953,2025-05-11
16216,16070,2025-05-18
21736,6539,2025-05-28
84922,9400,2025-05-17
21194,6140,2025-05-21
21972,6812,2025-05-07
22281,6600,2025-05-13
22887,13321,2025-05-17
90126,14028,2025-05-11
84816,9520,2025-05-09
22289,6674,2025-05-14
20704,11101,2025-05-26
20818,13021,2025-05-19
21199,14542,2025-06-04
21293,12024,2025-05-13
84584,10498,2025-05-31
85188,10229,2025-05-23
90076,17622,2025-06-05
90164,1243,2025-05-17
72780,1508,2025-05-18
22954,18269,2025-05-07
22047,18606,2025-06-05
22214,175,2025-05-09
90078,10368,2025-05-14
90032,11527,2025-05-26
21331,3355,2025-05-09
20848,4708,2025-05-10
20826,1582,2025-06-04
21145,15449,2025-05-26
22723,14439,2025-05-22
22722,5162,2025-06-02
22720,4111,2025-05-08
84575,3108,2025-05-12
21473,19341,2025-05-31
84823,2332,2025-05-29
90057,3522,2025-06-01
22656,7699,2025-05-28
22782,1486,2025-06-03
84766,10876,2025-05-13
20860,19092,2025-05-17
84817,16410,2025-05-29
35832,14612,2025-06-01
22721,5457,2025-05-10
22711,4117,2025-05-22
22522,7527,2025-05-22
22270,8143,2025-05-18
85195,5014,2025-05-16
85194,16028,2025-05-19
75178,2629,2025-05-24
75011,3256,2025-05-27
22888,5655,2025-05-25
22886,16704,2025-05-20
22881,10716,2025-05-16
22879,17491,2025-05-18
21631,6555,2025-05-09
20705,9808,2025-05-31
22204,2000,2025-05-29
90058,2654,2025-05-21
84616,6941,2025-06-04
84666,10634,2025-05-24
22303,13541,2025-05-12
84796,6513,2025-05-27
20871,5249,2025-05-18
21160,19031,2025-05-25
37503,19781,2025-05-10
21386,4194,2025-06-01
90146,19565,2025-05-25
22257,10044,2025-05-10
22258,1607,2025-05-12
22259,3018,2025-05-13
35817,1367,2025-06-02
85141,14301,2025-05-12
90136,666,2025-05-11
90035,12038,2025-06-01
90133,9509,2025-05-07
79329,551,2025-05-09
85146,1970,2025-05-23
22033,19983,2025-05-17
22032,3112,2025-05-21
84751,6354,2025-05-29
84620,11576,2025-06-02
84929,1574,2025-05-28
21707,176,2025-06-02
22868,15294,2025-05-28
22874,14448,2025-05-18
22872,4361,2025-06-02
22871,16681,2025-05-16
22302,7207,2025-05-09
21196,5954,2025-05-29
22970,4281,2025-05-17
22062,11958,2025-05-14
22040,4507,2025-05-18
21348,18936,2025-05-10
22971,16401,2025-06-01
21400,2013,2025-06-05
35911,1418,2025-05-29
90012,12077,2025-06-05
21043,14267,2025-05-07
37342,15535,2025-05-16
84750,1655,2025-05-09
21425,1649,2025-05-30
21491,18267,2025-05-27
21633,712,2025-05-11
35607,1622,2025-05-30
22410,9565,2025-05-26
84859,14178,2025-05-24
85103,6564,2025-05-10
22249,8360,2025-05-17
22407,3090,2025-05-22
85205,11570,2025-05-09
22929,11464,2025-05-29
85163,3670,2025-05-09
85088,1319,2025-05-27
84600,4802,2025-06-02
84857,12187,2025-05-26
90144,14041,2025-05-26
90165,18953,2025-05-29
20694,14171,2025-06-01
20869,416,2025-05-20
20954,15577,2025-05-29
21455,2894,2025-05-31
22206,12306,2025-05-13
35933,305,2025-05-27
90122,18039,2025-05-27
90197,6494,2025-06-05
72225,13277,2025-05-17
90072,10908,2025-06-04
20934,3842,2025-06-04
21402,19162,2025-06-02
47585,17438,2025-05-27
90011,14959,2025-05-25
90142,10237,2025-05-10
90154,259,2025-05-13
21009,15612,2025-06-04
21793,12107,2025-06-01
85023,5159,2025-05-21
85109,6233,2025-05-24
84804,9839,2025-05-19
84800,6070,2025-06-02
84806,1039,2025-05-17
22707,11109,2025-06-03
21503,14118,2025-06-01
90108,13545,2025-05-26
16207,3755,2025-05-15
21747,11441,2025-05-12
84457,15755,2025-05-18
84249,15729,2025-05-22
22148,11722,2025-05-15
90055,12480,2025-05-13
90176,2728,2025-06-05
gift_,2350,2025-05-22
21198,12785,2025-05-30
44228,10217,2025-05-30
22066,2067,2025-05-27
35819,2467,2025-05-29
84199,17652,2025-05-25
22823,5341,2025-06-01
85160,3292,2025-05-24
m,16624,2025-06-02
47518,11690,2025-05-24
84499,2109,2025-05-27
16045,6241,2025-05-27
21394,9632,2025-05-31
22046,19641,2025-06-05
21270,15967,2025-05-28
85161,17579,2025-05-15
90103,1643,2025-05-20
22247,17868,2025-05-23
16206,13763,2025-05-31
46138,9566,2025-05-08
20701,3199,2025-05-18
90112,9005,2025-06-01
35443,7553,2025-05-27
84689,1168,2025-05-25
84675,16136,2025-06-01
85168,5436,2025-06-01
84218,16931,2025-05-25
22268,6768,2025-05-07
90037,19227,2025-05-12
90041,14825,2025-05-07
90163,13490,2025-05-12
21412,8261,2025-05-23
79071,16031,2025-06-02
22709,4172,2025-06-02
79320,1167,2025-05-17
85042,329,2025-05-28
20785,13924,2025-05-27
85089,4658,2025-05-21
35909,7107,2025-05-09
35910,13316,2025-05-07
20933,8582,2025-05-11
35972,17574,2025-06-05
90155,5737,2025-05-08
47589,12834,2025-05-27
79323,4801,2025-05-23
21645,6491,2025-06-04
90118,13081,2025-05-25
90182,13759,2025-05-24
21278,4050,2025-05-11
47351,12816,2025-05-14
21084,9186,2025-05-25
21088,19104,2025-05-08
21096,15461,2025-05-22
90119,16996,2025-05-23
84741,12481,2025-06-02
22266,2251,2025-05-28
22267,19697,2025-05-25
21003,12079,2025-05-09
21757,6705,2025-05-09
90123,19396,2025-05-19
90156,9198,2025-05-28
84617,7343,2025-06-05
21332,14942,2025-05-30
35923,4921,2025-06-03
90038,2188,2025-05-14
90137,2561,2025-05-23
21589,15060,2025-06-02
21655,2345,2025-05-21
72038,1031,2025-05-11
44091,6786,2025-05-11
21280,3300,2025-05-24
21667,546,2025-06-05
84546,5469,2025-06-04
85197,19990,2025-05-08
20698,18075,2025-05-18
35265,16593,2025-05-24
16162,10949,2025-06-03
90092,13983,2025-05-27
90079,10979,2025-05-25
22323,17472,2025-05-09
22103,18546,2025-05-11
23231,3429,2025-05-15
62086,10782,2025-05-17
21371,4927,2025-05-28
35912,6013,2025-05-25
23230,17669,2025-05-14
85189,2976,2025-05-25
84745,702,2025-05-15
21117,7976,2025-05-26
21459,10158,2025-05-10
21460,17522,2025-05-21
37468,17388,2025-05-15
21897,2807,2025-06-03
72369,10920,2025-05-10
22967,2108,2025-05-23
22957,10111,2025-05-20
21082,11088,2025-06-03
21368,3998,2025-05-21
17174,314,2025-05-17
23233,19791,2025-06-02
35921,16367,2025-06-05
85200,17302,2025-05-24
84231,12800,2025-05-15
21461,10627,2025-06-03
84462,18612,2025-05-29
84461,18542,2025-05-24
35922,8429,2025-05-26
47469,13577,2025-05-09
23232,762,2025-05-31
84905,239,2025-05-11
21458,8981,2025-05-08
85198,4934,2025-06-05
90191,6634,2025-05-22
23166,7327,2025-05-21
20845,1702,2025-05-07
84033,7823,2025-05-23
20795,17432,2025-06-02
84226,19088,2025-05-23
21926,16036,2025-05-10
37379,7630,2025-05-16
35920,8165,2025-05-20
84801,19765,2025-05-08
84592,7280,2025-05-08
79192,4352,2025-06-01
20756,1620,2025-05-24
22351,14902,2025-05-31
21320,14157,2025-05-31
22125,9039,2025-05-16
40046,19370,2025-05-17
84527,18040,2025-05-21
71101,7607,2025-05-25
21457,2909,2025-05-22
21456,3021,2025-05-11
35647,439,2025-05-24
84632,18141,2025-05-10
22764,6687,2025-05-14
35913,8180,2025-05-07
22146,19908,2025-05-16
21476,12510,2025-05-13
37351,14778,2025-06-03
21344,266,2025-05-29
84974,12152,2025-05-14
72821,452,2025-05-07
22596,10138,2025-05-29
84455,19117,2025-05-08
84227,15707,2025-06-02
84452,10907,2025-05-26
90148,15390,2025-06-03
90016,18828,2025-05-08
84847,2394,2025-06-03
20898,17276,2025-05-19
84967,3074,2025-05-18
84966,19312,2025-05-31
37413,4074,2025-05-14
79063,4202,2025-05-26
20864,2709,2025-06-04
21282,3176,2025-05-07
21805,3723,2025-05-14
21841,11596,2025-05-31
22143,4713,2025-05-29
35644,13253,2025-05-09
35991,17207,2025-05-18
84424,8508,2025-05-28
84526,9555,2025-05-20
84664,4719,2025-05-28
84964,16223,2025-05-26
85028,17326,2025-06-01
85110,11295,2025-06-02
90095,15400,2025-05-10
90091,1576,2025-05-31
84465,2538,2025-05-13
20851,7172,2025-05-16
84715,17830,2025-05-20
84919,19472,2025-05-13
84907,17877,2025-06-02
17028,17192,2025-05-12
62074,5867,2025-05-21
85063,9413,2025-05-16
84805,763,2025-05-24
17136,2568,2025-05-09
84708,9207,2025-05-19
44089,1901,2025-05-09
84723,14929,2025-05-16
22038,13993,2025-05-28
79062,9179,2025-05-27
90098,16749,2025-05-24
22989,15433,2025-05-24
35645,11341,2025-05-29
84611,15576,2025-05-11
84612,17835,2025-05-31
82095,8126,2025-06-01
84306,3655,2025-05-24
21087,11962,2025-05-23
22990,6941,2025-05-13
85092,5261,2025-05-31
35969,12727,2025-05-10
DCGSS,4892,2025-06-01
35815,639,2025-06-05
21228,8731,2025-05-17
72812,1676,2025-05-19
75172,3305,2025-05-21
45013,18690,2025-05-10
21636,2356,2025-05-28
71510,13502,2025-05-23
44265,3616,2025-05-20
90064,14037,2025-06-04
90063,14221,2025-05-18
90029,11739,2025-05-20
44236,8482,2025-05-10
21898,8698,2025-06-02
84803,9796,2025-05-12
21681,11512,2025-05-08
79406,7689,2025-05-28
22980,8729,2025-05-18
22993,3967,2025-06-02
23006,9780,2025-06-05
23004,10652,2025-05-15
23002,960,2025-05-13
23003,16375,2025-05-31
23000,3778,2025-05-10
22994,15258,2025-05-25
22998,17147,2025-05-18
22991,12562,2025-05-16
22992,10262,2025-05-26
22999,13934,2025-05-29
22995,18540,2025-05-21
22996,16589,2025-06-05
22978,1065,2025-05-26
22997,19679,2025-05-22
23005,18470,2025-05-11
20837,18320,2025-05-21
47341,10812,2025-05-17
44092,5752,2025-06-01
79331,13385,2025-05-15
90065,6876,2025-05-27
90026,6596,2025-05-12
35638,18657,2025-05-11
84691,865,2025-06-02
85065,5029,2025-05-28
84858,849,2025-05-22
84466,17893,2025-06-05
84687,3088,2025-06-04
90100,19158,2025-05-22
72140,15066,2025-05-12
10080,2794,2025-05-20
17001,18202,2025-05-21
71050,7505,2025-06-01
90135,7092,2025-06-02
90157,1797,2025-06-05
20738,7433,2025-05-19
23182,7955,2025-05-27
20796,7722,2025-05-21
22979,15267,2025-05-29
23177,2756,2025-05-27
23193,17938,2025-05-21
23194,2100,2025-05-16
23176,10036,2025-05-08
22982,12873,2025-05-29
23126,1208,2025-05-19
23127,17332,2025-05-07
16020,4649,2025-05-29
90025,9710,2025-05-19
23128,4986,2025-05-21
23183,17129,2025-06-04
23179,15610,2025-05-13
23178,9224,2025-05-21
22981,7053,2025-06-03
20689,14089,2025-05-16
37477,10836,2025-05-29
37423,584,2025-05-14
23180,4301,2025-05-13
23049,17106,2025-05-11
23053,11077,2025-05-28
23054,19117,2025-05-09
23050,16358,2025-06-01
23052,19155,2025-05-18
23051,19301,2025-06-04
79026,19032,2025-05-14
23185,8570,2025-05-29
23184,14909,2025-05-20
90084,18732,2025-05-29
84593,19250,2025-05-19
16248,11232,2025-05-21
23181,6281,2025-05-20
23187,12857,2025-05-19
23186,15732,2025-05-26
23010,9619,2025-06-02
23007,19161,2025-05-22
35611,9574,2025-06-03
23009,2414,2025-05-26
23008,19728,2025-05-24
21395,1290,2025-05-08
85098,16483,2025-05-19
84842,17464,2025-06-02
23348,12176,2025-06-04
16259,5000,2025-05-27
47013,2775,2025-05-15
22687,16003,2025-05-27
90075,10488,2025-05-27
90068,624,2025-05-18
78033,19466,2025-05-18
37488,11352,2025-05-17
85030,7064,2025-05-08
21637,11646,2025-05-27
47344,18789,2025-05-26
46126,12097,2025-05-24
37330,13174,2025-05-29
90131,18419,2025-06-02
85224,9603,2025-05-19
72759,19373,2025-05-07
72732,3349,2025-05-20
23077,15127,2025-05-29
23076,6845,2025-05-29
23078,17300,2025-05-10
21770,3341,2025-05-23
84548,196,2025-06-02
15030,18192,2025-06-01
23159,8810,2025-06-02
23154,19261,2025-05-28
23156,12646,2025-05-27
23155,1466,2025-05-24
23158,19976,2025-06-01
85145,11925,2025-05-09
21839,12816,2025-05-14
35823,11259,2025-05-24
20850,9355,2025-05-30
21283,5290,2025-05-27
21614,3998,2025-05-28
22036,15258,2025-05-11
20821,9291,2025-05-24
79172,19029,2025-05-11
84743,11714,2025-05-09
23157,18840,2025-05-28
84549,14120,2025-05-25
35649,582,2025-05-18
72781,5751,2025-05-08
35015,2681,2025-05-16
72793,16708,2025-06-05
72789,596,2025-05-19
84686,17330,2025-05-15
35824,8667,2025-05-21
84726,11967,2025-06-03
84576,17583,2025-05-16
84845,3702,2025-05-12
21274,18516,2025-06-05
21474,8711,2025-05-19
10134,11378,2025-06-05
16254,2999,2025-05-07
84990,8394,2025-05-29
35650,11525,2025-05-09
79336,1165,2025-06-03
21511,10572,2025-06-03
81953,12393,2025-05-11
82545,10556,2025-05-29
35603,16920,2025-06-01
47502,15387,2025-06-01
84007,7551,2025-05-09
23254,3724,2025-06-01
23256,18809,2025-06-05
21337,8572,2025-05-11
46037,17666,2025-06-04
40018,16887,2025-05-17
84864,16198,2025-06-04
21825,18230,2025-05-09
84899,16379,2025-05-20
20863,6295,2025-05-31
62097,4131,2025-05-08
62043,13211,2025-06-04
20816,16712,2025-06-03
23255,2219,2025-05-09
22039,9507,2025-05-31
37487,4998,2025-05-30
84839,12832,2025-06-03
23205,2892,2025-05-21
23201,13752,2025-05-28
23207,14709,2025-06-03
23199,11458,2025-05-09
23206,17550,2025-05-21
23204,18552,2025-06-04
23208,4782,2025-05-19
44242,11681,2025-05-13
PADS,18892,2025-05-16
84731,19813,2025-05-13
23065,7858,2025-05-23
23060,3522,2025-05-22
23057,8575,2025-06-01
23253,8787,2025-06-04
23066,2116,2025-05-13
23068,12474,2025-05-14
23075,12302,2025-05-12
23153,559,2025-05-24
23073,18684,2025-05-18
90159,10675,2025-05-07
23146,19503,2025-06-04
23061,6678,2025-05-28
20823,19268,2025-05-09
20827,8554,2025-05-29
23055,4809,2025-05-14
23056,11856,2025-06-01
20997,1056,2025-05-23
23140,15326,2025-05-24
23141,19808,2025-05-10
23135,13786,2025-05-14
23132,15914,2025-05-10
23071,11854,2025-05-11
23152,18998,2025-05-14
23134,6693,2025-05-07
23133,2177,2025-06-02
23147,7859,2025-05-15
23148,9507,2025-06-04
23144,10405,2025-05-18
23142,14775,2025-06-04
23136,884,2025-05-24
23139,10690,2025-05-26
23138,5854,2025-06-03
23150,2586,2025-06-01
23145,14845,2025-05-19
23137,299,2025-05-20
72024,10610,2025-06-05
16049,7522,2025-05-25
23069,19083,2025-05-21
16244,12477,2025-05-28
23131,8853,2025-05-25
23067,1125,2025-05-17
90021,3829,2025-05-14
23163,11358,2025-05-12
23284,17149,2025-05-11
23283,13596,2025-05-31
23162,5269,2025-05-15
84016,6846,2025-05-22
20838,10457,2025-05-29
72811,17017,2025-05-17
23048,16943,2025-05-30
23042,4707,2025-06-05
23041,1342,2025-05-25
23040,17713,2025-05-09
23064,19689,2025-05-12
21923,16674,2025-05-10
20896,13370,2025-06-03
20825,3502,2025-05-26
85060,18763,2025-05-25
35594,16944,2025-05-25
21330,14772,2025-05-18
78027,19240,2025-05-14
21806,9221,2025-05-16
85225,8141,2025-05-30
37471,8530,2025-05-12
23130,898,2025-05-08
84629,7368,2025-05-08
22987,4159,2025-06-03
20836,3974,2025-05-14
23160,578,2025-05-26
23161,18440,2025-05-21
23164,16116,2025-05-16
37424,12862,2025-05-07
84873,17521,2025-05-19
84482,7791,2025-05-13
21854,4557,2025-05-25
23149,13569,2025-05-08
84705,8496,2025-05-14
23143,12460,2025-05-24
23299,9705,2025-05-16
23298,4323,2025-05-10
23070,18795,2025-05-12
23151,11776,2025-05-23
23043,12433,2025-05-08
23045,17847,2025-05-29
20964,10615,2025-06-03
23200,12645,2025-05-18
23202,3727,2025-05-25
23203,18054,2025-05-31
23209,9393,2025-05-25
23072,5273,2025-05-24
23046,2930,2025-05-15
23047,13439,2025-06-05
23044,18589,2025-05-29
90083,19053,2025-05-29
23282,15086,2025-05-22
23280,16650,2025-06-03
23190,14003,2025-05-09
23191,1301,2025-06-05
23192,7402,2025-05-30
23175,7662,2025-05-29
23174,8505,2025-05-10
23173,10807,2025-05-07
23172,18742,2025-05-23
23171,16048,2025-05-25
23170,18221,2025-05-25
23081,8204,2025-06-03
23084,265,2025-06-04
23281,15297,2025-05-21
23118,1839,2025-06-03
23096,14001,2025-05-09
23091,12287,2025-05-14
23094,19341,2025-05-18
23108,3810,2025-05-25
23080,13722,2025-05-24
23110,17740,2025-05-14
23059,5569,2025-05-08
23100,5243,2025-06-03
23102,1519,2025-05-31
23082,2151,2025-05-17
16151,14347,2025-05-07
23093,10453,2025-05-30
23109,3618,2025-05-07
23103,6239,2025-05-18
23112,2135,2025-05-28
23111,543,2025-05-22
23079,2079,2025-05-09
23167,612,2025-05-26
23104,5597,2025-05-17
23168,12660,2025-05-24
23169,2218,2025-05-31
23165,179,2025-05-07
23101,8156,2025-05-25
23089,7841,2025-05-09
23107,12922,2025-05-25
23088,1345,2025-05-17
23106,3576,2025-05-14
23087,10503,2025-06-03
23083,2857,2025-05-10
23301,17953,2025-05-12
23300,8047,2025-05-30
23302,12897,2025-05-19
23090,17113,2025-05-09
23092,12220,2025-05-24
23085,14373,2025-05-22
23099,9607,2025-05-24
23086,7024,2025-05-16
23129,1348,2025-05-12
23444,3493,2025-06-01
84984,14704,2025-05-07
90149,16289,2025-05-24
16053,803,2025-05-14
21310,300,2025-05-31
84746,17129,2025-05-27
23228,5196,2025-05-23
23227,602,2025-05-29
20667,11783,2025-05-12
23226,7854,2025-05-24
23221,13415,2025-05-18
84206,7678,2025-05-13
23214,19944,2025-06-02
23215,11021,2025-05-30
23210,17666,2025-05-21
23213,10422,2025-06-05
23212,7902,2025-05-18
23219,4140,2025-05-21
23224,643,2025-05-19
23211,2176,2025-05-17
23216,16221,2025-06-02
23217,7688,2025-05-22
23225,4954,2025-05-10
23275,6505,2025-05-20
23263,18378,2025-05-28
23309,14012,2025-05-16
23270,13962,2025-05-27
23307,16355,2025-05-15
23306,17725,2025-05-18
23308,1499,2025-05-31
23273,12947,2025-05-10
23274,18669,2025-05-25
21373,12547,2025-05-07
16043,11686,2025-06-03
90102,6607,2025-05-27
23240,11806,2025-05-19
23238,19471,2025-06-05
20901,6850,2025-05-21
23243,10163,2025-06-01
23245,15066,2025-05-29
23239,8752,2025-05-11
23236,17706,2025-05-09
23235,11422,2025-06-04
23241,11650,2025-05-10
23242,1254,2025-06-03
23247,13233,2025-05-12
23244,6026,2025-05-16
23237,5809,2025-05-08
22950,10809,2025-05-29
35966,12724,2025-06-01
23310,18321,2025-05-22
23321,7405,2025-05-16
23220,10388,2025-05-29
23264,13599,2025-05-24
23265,8483,2025-05-27
23266,4062,2025-05-21
84824,11008,2025-05-12
23269,17661,2025-05-12
23268,13190,2025-05-18
23252,8334,2025-05-10
23322,10517,2025-05-15
77079,9451,2025-05-28
23286,19071,2025-05-25
23338,16468,2025-05-30
23285,13292,2025-05-23
23288,3676,2025-05-30
23343,15016,2025-05-09
23271,1061,2025-05-14
23335,3275,2025-06-05
23339,15948,2025-05-12
23336,14411,2025-05-25
23337,308,2025-05-24
23292,14179,2025-05-18
23291,15736,2025-05-09
23289,3625,2025-06-05
23290,8774,2025-05-17
23287,12038,2025-06-05
23188,17241,2025-05-20
23251,3571,2025-05-13
23249,13360,2025-05-25
23250,8635,2025-06-03
23229,9213,2025-05-26
23234,7557,2025-05-11
23012,17652,2025-05-31
23014,5999,2025-05-16
23035,18232,2025-06-02
84551,13208,2025-05-27
23020,8709,2025-05-13
23032,8398,2025-05-15
23028,7243,2025-05-27
23031,17238,2025-06-03
23029,15731,2025-05-16
23033,4637,2025-05-18
23034,7859,2025-05-25
23013,745,2025-05-12
23344,14466,2025-05-08
23022,12629,2025-05-23
23113,17801,2025-05-23
23016,8399,2025-05-19
23026,4078,2025-06-05
23119,3193,2025-05-09
23015,6425,2025-05-12
23123,12618,2025-05-16
23122,13044,2025-05-16
23120,15404,2025-05-22
23121,15191,2025-05-13
23124,10180,2025-05-08
23125,6613,2025-05-09
23039,15759,2025-06-02
23021,12760,2025-06-01
23023,8612,2025-06-01
23114,16480,2025-05-17
23115,5542,2025-05-29
23116,7237,2025-05-18
23117,9297,2025-05-13
84679,1958,2025-05-18
23019,8969,2025-05-25
23272,7241,2025-05-21
23036,3824,2025-05-29
23198,10882,2025-05-23
23027,17998,2025-05-26
23024,11074,2025-05-09
23223,15773,2025-05-16
23222,11171,2025-05-12
84387,5591,2025-05-26
23197,3697,2025-05-25
23196,15077,2025-05-29
23267,745,2025-05-11
23323,6994,2025-06-02
23315,13560,2025-05-28
23316,5902,2025-06-03
23342,15295,2025-05-14
23341,13203,2025-05-15
23037,3774,2025-05-16
23317,1354,2025-05-22
23017,7992,2025-05-15
23018,17927,2025-05-09
23025,8742,2025-05-22
79161,3719,2025-05-21
23574,19124,2025-05-25
23318,8513,2025-05-22
81952,17132,2025-05-15
23320,7788,2025-05-20
23001,10594,2025-05-13
23319,6554,2025-05-27
90043,9018,2025-05-23
90049,9603,2025-05-21
90046,6385,2025-06-03
90048,19739,2025-05-09
23038,11564,2025-05-07
23313,16801,2025-05-28
23296,467,2025-05-12
23294,18146,2025-05-14
23293,17207,2025-06-01
23295,15763,2025-05-15
23297,15080,2025-05-29
23311,2535,2025-06-04
23314,11441,2025-05-11
90127,18835,2025-06-05
23312,11845,2025-05-27
23550,10528,2025-05-16
23218,4916,2025-05-26
84402,8356,2025-05-14
23549,5835,2025-05-08
23546,1806,2025-05-07
84732,17503,2025-05-29
23545,13281,2025-05-10
23547,13235,2025-05-15
23548,6695,2025-05-08
84797,11232,2025-05-19
23346,11252,2025-05-07
23345,9917,2025-05-27
23347,7386,2025-05-22
21858,525,2025-06-04
21432,13581,2025-05-26
77081,6440,2025-05-17
21765,19770,2025-05-15
84761,3461,2025-05-28
21610,19283,2025-05-26
23340,8242,2025-05-28
23360,8931,2025-05-08
23359,17471,2025-05-29
23373,8897,2025-05-13
23436,9464,2025-05-31
23353,9000,2025-05-14
23354,532,2025-05-30
23374,5653,2025-05-27
22016,11627,2025-05-25
23438,4981,2025-06-05
23189,15572,2025-05-15
23349,9814,2025-05-13
23350,11187,2025-05-12
23352,9425,2025-05-29
23351,1458,2025-05-12
23324,14212,2025-05-15
23332,9847,2025-05-10
23329,17506,2025-05-28
23330,11401,2025-05-10
23334,11231,2025-05-24
23333,16166,2025-05-17
23328,10115,2025-05-26
23331,18864,2025-05-15
23327,18850,2025-05-09
23326,18435,2025-05-10
23325,2882,2025-06-01
35816,7655,2025-06-05
B,3433,2025-05-17
90052,17030,2025-05-22
23357,19504,2025-05-08
23358,301,2025-05-15
23375,7599,2025-06-02
23356,19552,2025-06-05
84201,773,2025-06-03
23355,3245,2025-05-24
23437,2977,2025-05-28
23445,5341,2025-06-01
23439,15967,2025-06-01
23431,1596,2025-05-25
23433,18924,2025-05-21
90020,2998,2025-05-18
CRUK,7495,2025-06-03
23432,18679,2025-05-10
23376,1616,2025-05-28
23378,8905,2025-05-30
23551,4242,2025-06-03
23620,18598,2025-06-02
23623,7165,2025-05-22
23634,17484,2025-05-28
23396,11619,2025-05-31
23395,3849,2025-05-13
23394,7984,2025-05-20
23407,9717,2025-05-29
23393,17592,2025-06-03
23427,6197,2025-05-24
23397,13949,2025-05-20
23377,4765,2025-05-15
23399,18358,2025-05-28
23411,6855,2025-05-30
23398,9173,2025-05-17
23425,8926,2025-05-26
23414,866,2025-05-15
23424,11356,2025-05-24
23404,5434,2025-05-07
23406,17181,2025-05-22
23405,8040,2025-05-25
23379,15341,2025-05-20
23381,12315,2025-05-25
23380,186,2025-06-02
23402,17972,2025-05-09
23403,10242,2025-05-22
23426,5520,2025-06-05
23412,7714,2025-06-05
23392,4664,2025-05-10
23400,16119,2025-05-19
23614,2731,2025-05-17
23637,19936,2025-05-11
23415,9105,2025-05-29
23417,13595,2025-05-10
23413,13981,2025-05-19
23409,9212,2025-05-10
23640,16310,2025-05-31
23408,2444,2025-05-19
23401,13980,2025-05-17
23422,17427,2025-05-22
23613,15201,2025-05-18
23646,16613,2025-05-28
23410,19185,2025-06-03
23559,5929,2025-06-03
23423,9372,2025-05-31
23421,3925,2025-05-16
23435,6126,2025-05-15
23418,6447,2025-05-27
23419,4444,2025-05-30
23434,9685,2025-06-04
23391,19345,2025-05-11
23390,4847,2025-05-10
23389,19368,2025-05-23
23074,13678,2025-06-05
23388,11504,2025-05-11
23416,17141,2025-06-02
23611,14629,2025-05-29
23607,16615,2025-05-26
23058,14896,2025-05-24
23420,1995,2025-05-12
23625,8778,2025-05-22
23639,1170,2025-06-05
35592,6154,2025-05-18
23629,8741,2025-05-15
23630,5859,2025-05-21
23503,18893,2025-05-22
23366,7011,2025-05-12
23367,15279,2025-05-28
23504,19478,2025-06-01
23371,15699,2025-05-10
23506,6682,2025-05-17
23502,19304,2025-05-09
23370,9765,2025-05-27
23493,890,2025-05-29
23365,8341,2025-05-11
23369,741,2025-05-18
23520,1749,2025-05-20
23511,3465,2025-06-04
23517,16762,2025-05-22
23368,9345,2025-05-20
23505,8333,2025-05-18
23372,15391,2025-05-23
23512,2705,2025-05-26
23515,9732,2025-05-18
23514,6237,2025-05-29
23518,2468,2025-05-13
23510,12733,2025-05-07
23508,3582,2025-06-01
23509,17362,2025-05-26
23507,16608,2025-05-07
23513,11957,2025-05-15
23624,17136,2025-05-07
20935,6313,2025-05-26
20678,4451,2025-05-24
23610,16648,2025-05-28
23601,8568,2025-05-22
23632,8087,2025-05-20
23516,5499,2025-05-27
23519,18212,2025-05-25
23494,19468,2025-06-02
23638,1079,2025-05-20
23650,8574,2025-05-26
23461,3170,2025-05-24
23466,8278,2025-05-11
23469,7563,2025-05-25
23484,15922,2025-05-30
23471,2563,2025-05-09
23644,9422,2025-05-27
23472,9554,2025-05-18
23470,19838,2025-06-05
23524,6254,2025-05-20
23535,5978,2025-05-10
23534,237,2025-05-12
23541,6604,2025-06-05
23525,310,2025-05-28
23532,12418,2025-06-03
23539,11918,2025-05-10
23522,2036,2025-05-12
23526,12504,2025-05-08
23533,6777,2025-05-13
23542,9218,2025-05-31
23528,18986,2025-05-26
23543,4860,2025-05-24
23530,11076,2025-05-12
23538,5739,2025-05-21
23521,7598,2025-06-01
23523,11520,2025-05-30
23531,14559,2025-06-02
23527,15476,2025-05-20
23483,15639,2025-05-14
23529,18618,2025-06-02
23536,14876,2025-05-12
23544,7364,2025-05-10
23540,4061,2025-05-25
23537,5010,2025-06-05
23604,12482,2025-06-01
23626,6123,2025-05-30
23500,14618,2025-05-29
23465,783,2025-05-19
23501,8352,2025-05-24
23605,8940,2025-05-18
23619,14721,2025-06-02
23635,10787,2025-06-02
23612,19609,2025-05-15
23468,18980,2025-05-21
79157,8600,2025-05-14
90189,10374,2025-05-26
23448,11376,2025-05-09
23447,19994,2025-05-19
23446,8949,2025-05-20
85115,6664,2025-06-04
23382,19898,2025-05-30
23660,14719,2025-05-27
23661,2610,2025-06-04
23564,15504,2025-05-30
23567,17178,2025-05-21
23487,7151,2025-05-15
23490,11835,2025-05-22
23453,5559,2025-05-10
23452,5680,2025-05-29
23451,10207,2025-05-30
23482,18314,2025-05-28
23603,9825,2025-05-28
23459,6840,2025-06-01
23565,16796,2025-05-30
23456,396,2025-06-03
23463,6268,2025-06-02
23464,13302,2025-05-25
23457,3602,2025-05-21
23455,13605,2025-05-28
23568,15862,2025-05-22
23566,13168,2025-06-05
23467,3178,2025-05-15
23479,11585,2025-05-31
23481,17190,2025-06-01
23458,6243,2025-05-28
23579,11601,2025-05-26
23702,4032,2025-05-16
23558,17822,2025-05-18
23556,16198,2025-05-23
23554,820,2025-06-03
23557,4442,2025-05-13
23555,9807,2025-05-29
23480,5759,2025-05-18
23553,1636,2025-06-04
23489,1045,2025-05-25
23491,6530,2025-05-09
23492,994,2025-05-24
23477,2636,2025-05-12
23478,994,2025-05-26
23476,8779,2025-05-19
23486,3624,2025-05-25
23473,4547,2025-06-03
23460,7668,2025-05-22
23462,14521,2025-05-28
23499,9238,2025-05-10
23485,18423,2025-05-26
23570,6781,2025-05-11
23454,3481,2025-05-26
23571,4496,2025-05-14
23569,12632,2025-05-19
23305,17059,2025-06-02
23474,14414,2025-05-11
23636,8339,2025-05-24
23582,335,2025-05-10
23583,6731,2025-05-30
23581,17899,2025-05-23
23595,9128,2025-05-30
23303,18095,2025-05-08
23475,10767,2025-06-04
23615,19384,2025-05-27
23645,7365,2025-05-09
23654,8066,2025-06-05
35600,16261,2025-05-24
23497,388,2025-05-09
23304,7762,2025-05-22
23495,3742,2025-05-16
23496,5221,2025-06-05
23628,8483,2025-05-18
23633,8619,2025-05-15
23643,16374,2025-05-19
79341,13518,2025-06-05
79342,11643,2025-05-15
47016,13514,2025-05-12
23691,5103,2025-05-30
90069,15033,2025-05-11
23608,8997,2025-05-25
23681,1792,2025-05-31
72783,755,2025-05-07
23692,1623,2025-06-01
23695,10396,2025-05-30
23697,3521,2025-05-16
23616,10734,2025-06-05
23598,7695,2025-05-16
23597,2934,2025-05-27
23621,17286,2025-05-16
23627,11349,2025-05-09
23602,15774,2025-05-10
23664,5226,2025-05-21
17191,15540,2025-06-03
23694,4719,2025-05-27
23649,3382,2025-05-11
23442,15057,2025-05-08
23449,5422,2025-06-05
23428,3787,2025-05-08
23652,14714,2025-05-31
23430,4811,2025-05-24
23429,9541,2025-05-21
23441,15121,2025-05-27
23440,9310,2025-05-17
23552,18060,2025-05-07
23498,1398,2025-05-24
84550,2513,2025-05-22
23578,262,2025-05-24
23580,18711,2025-05-12
23575,4030,2025-05-13
23560,16404,2025-06-02
23576,7350,2025-05-30
23562,5472,2025-05-25
23561,3216,2025-05-11
23609,19855,2025-05-31
23617,14383,2025-05-15
23843,15034,2025-06-03
